MixRank,https://angel.co/company/mixrank,5,Oct '11,San Francisco,Sales Automation,http://mixrank.com,1-10,Seed,1500000
Precog,https://angel.co/company/precog,5,Mar '12,Boulder,Developer APIs,http://precog.com,1-10,Acquired,2818000
LaunchTrack,https://angel.co/company/launchtrack,5,Apr '12,Mountain View,E-Commerce Platforms,http://www.LaunchTrack.com,1-10,Acquired,142500
Homejoy,https://angel.co/company/homejoy,5,Jan '12,San Francisco,Hospitality,http://www.homejoy.com,51-200,Series A,39700000
Sliced Investing,https://angel.co/company/sliced-investing,5,Jul '14,San Francisco,Investment Management,https://www.slicedinvesting.com/?ref=al,1-10,Seed,2000000
Atlas Wearables,https://angel.co/company/atlas-wearables,5,May '13,Austin,Fitness,http://www.atlaswearables.com,1-10,"",""
Earplay,https://angel.co/company/earplay,5,Oct '13,Boston,Internet of Things,https://www.earplay.com,1-10,"",""
VisiTrend,https://angel.co/company/visitrend,5,Jun '14,Cambridge,Visualization,http://visitrend.tumblr.com/,1-10,Seed,1250000
BridgeU,https://angel.co/company/bridgeu,5,Mar '14,London,University Students,http://www.bridge-u.com,51-200,Series A,7800000
Klarismo,https://angel.co/company/klarismo,5,Jan '15,London,Personal Health,http://www.klarismo.com,1-10,Seed,2100000
Tarefa,https://angel.co/company/tarefa-1,5,Aug '14,Brazii,K-12 Education,http://www.tarefa.co/,1-10,"",""
Get@ | GetAt,https://angel.co/company/getat,5,Dec '12,Silicon Valley,Augmented Reality,http://getatapp.com,1-10,"",396000
CrowdChat,https://angel.co/company/crowdchat,5,Feb '12,Palo Alto,Big Data,http://www.CrowdChat.net,1-10,"",""
Sparkjoy,https://angel.co/company/sparkjoy,5,Mar '14,Mexico City,Mobile Advertising,http://www.getsparkjoy.com,1-10,"",""
Ultra Capital,https://angel.co/company/ultracapital,5,Dec '13,San Francisco,Fin Tech,http://ultracapital.com,11-50,"",""
Tripoto,https://angel.co/company/tripoto-1,5,May '14,Delhi,Advertising Platforms,http://www.tripoto.com,51-200,"",""
Moju Labs,https://angel.co/company/moju-labs,5,Jun '13,Palo Alto,Big Data,http://mojulabs.com,1-10,"",""
Continuum Analytics,https://angel.co/company/continuum-analytics,5,Feb '14,Austin,Open Source,http://www.continuum.io,51-200,"",34000000
NS8,https://angel.co/company/ns8,5,Feb '16,Las Vegas,Fraud Detection,https://www.ns8.com,51-200,Seed,8625000
LeadCandy,https://angel.co/company/leadcandy,5,Jul '12,Mountain View,Lead Generation,https://www.leadcandy.io/,1-10,"",""
HDScores,https://angel.co/company/hdscores,4,Dec '12,Baltimore,B2B,http://HDScores.com,1-10,"",""
MinHash,https://angel.co/company/minhash,4,Jul '15,Palo Alto,Marketing Automation,http://www.minhash.com,1-10,Acquired,""
Search Party,https://angel.co/company/the-search-party,4,Nov '13,Sydney,Employment,http://searchparty.com,11-50,Series D,12648094
MOTI,https://angel.co/company/habitmoti,4,Oct '14,San Francisco,Behavioural Science,http://www.moti.io,1-10,"",""
Bellhop,https://angel.co/company/bellhop,4,May '14,Chicago,Location Based Services,http://iChauncey.com,1-10,"",10000
projectSHERPA,https://angel.co/company/projectsherpa,4,Jul '12,New York City,Big Data Analytics,http://beta.projectsherpa.com/portal/,1-10,"",""
Edgeflip,https://angel.co/company/edgeflip,4,Mar '13,Chicago,Nonprofits,http://www.edgeflip.com,1-10,Seed,1800000
Operating Analytics,https://angel.co/company/operating-analytics,4,Mar '13,Cambridge,Hospitals,http://operatinganalytics.com,1-10,"",50000
nFlate,https://angel.co/company/nflate,4,Jun '14,Pleasanton,Deep Learning,http://seeitbuy.it,1-10,"",""
Scooterson,https://angel.co/company/scooterson,4,Sep '15,Singapore,Urban Mobility,http://scooterson.com,11-50,"",2750000
Scoutible,https://angel.co/company/scoutible,4,Jul '15,San Francisco,Neuroscience,http://scoutible.com,1-10,Seed,5000000
Re-Compose,https://angel.co/company/re-compose,4,Jan '12,San Francisco,Neuroscience,http://www.re-compose.com,1-10,"",1500000
Engineroom360,https://angel.co/company/engineroom360,4,Aug '13,Stockholm,Small and Medium Businesses,http://www.engineroom360.com,1-10,"",35000
Oystir,https://angel.co/company/oystir,4,Nov '14,New York City,Skill Assessment,http://www.oystir.com,1-10,"",""
Wonderflow,https://angel.co/company/wonderflow,4,Jun '14,Trento,Data Mining,http://wonderflow.co,11-50,Seed,515000
Nightly,https://angel.co/company/nightly-5,4,Mar '16,Santa Monica,K-12 Education,https://www.nightlyhomework.com,1-10,"",""
Sense Ai,https://angel.co/company/sense-ai,4,Jan '16,Saint Paul,Sensors,https://senseai.io/home,1-10,Seed,920000
Transform,https://angel.co/company/transform-4,4,Mar '16,Seattle,Predictive Analytics,http://transform.co,11-50,"",""
TopHotel.deals,https://angel.co/company/htldeals,4,May '15,Los Angeles,Predictive Analytics,http://tophotel.deals,1-10,Acquired,2250000
Next Glass,https://angel.co/company/next-glass-2,4,Apr '13,Wilmington,Wine And Spirits,http://www.nextglass.co,11-50,Seed,75000
Zana,https://angel.co/company/idoctor,4,Mar '14,Karlsruhe,Semantic Search,http://www.zana.com,1-10,"",""
Match2One,https://angel.co/company/match2one,4,Jan '15,Stockholm,Advertising Platforms,http://www.match2one.com,1-10,"",""
Gupy,https://angel.co/company/gupy,4,Dec '15,São Paulo,Social Media Platforms,http://www.gupy.com.br,1-10,"",""
FlyElephant,https://angel.co/company/flyelephant,4,Jun '13,Odessa,High Performance Computing,http://flyelephant.net,1-10,"",""
AgShift,https://angel.co/company/agshift,4,Jun '16,Santa Clara,Technology,http://www.agshift.com,1-10,"",""
Savile Row,https://angel.co/company/savilerow,3,Sep '12,New York City,Online Shopping,http://savilerowsociety.com,1-10,"",""
Macromeasures,https://angel.co/company/macromeasures,3,May '14,New York City,Data Mining,http://macromeasures.com,1-10,Acquired,""
tuplejump,https://angel.co/company/tuplejump,3,Feb '13,Hyderabad,Predictive Analytics,http://www.tuplejump.com,1-10,"",""
Mustard,https://angel.co/company/mustard-saas,3,Feb '15,Dublin,Hr Tech,https://www.mustard.ie,1-10,"",""
Addictive Science ,https://angel.co/company/addictive-science-1,3,Mar '15,Philadelphia,Technology,http://www.addictivescience.com/,1-10,"",""
Biomech,https://angel.co/company/biomech,3,Sep '12,Campbell,Fitness,http://streetworkoutapp.com,1-10,Seed,100000
OTA Expert,https://angel.co/company/ota-expert,3,Feb '15,Berlin,Hotels,http://ota.expert,11-50,"",""
Cambridge Energy Data Lab,https://angel.co/company/cambridge-energy-data-lab,3,Oct '15,Cambridge,Energy Management,http://camenergydatalab.com/,1-10,"",""
Growthzilla,https://angel.co/company/growthzilla,3,Mar '15,Los Angeles,Small and Medium Businesses,https://growthzilla.com,1-10,"",""
Cyclique,https://angel.co/company/cyclique,3,Oct '15,Venice,Social Media Platforms,http://www.getcyclique.com,1-10,"",""
FlowerMoon® by KITTOUNE®,https://angel.co/company/flowermoon-by-kittoune,3,Jul '16,Boston,Connected Devices,http://www.flowermoonbykittoune.com,1-10,"",100000
Animusoft,https://angel.co/company/animusoft,3,Sep '14,Miami,Robotics,http://www.alive.ai,11-50,"",""
Masterscroll,https://angel.co/company/masterscroll,3,Apr '14,London,Content Curation,http://www.masterscroll.com,1-10,"",""
Hiddenslate,https://angel.co/company/hiddenslate,3,Feb '15,Menlo Park,Cloud Data Services,http://www.hiddenslate.com,1-10,"",""
SEE-R,https://angel.co/company/see-r,3,Mar '14,Rome,Predictive Analytics,http://www.see-r.com,1-10,"",""
Arrah Technology,https://angel.co/company/arrah-technology,3,Jan '15,San Francisco,Analytics,http://www.arrahtech.com,1-10,"",""
IP Cyborg,https://angel.co/company/ircyborg-ip-cyborg,3,Aug '13,Phoenix,Enterprise Security,http://ircyb.org,1-10,Seed,2250
Inquirly,https://angel.co/company/inquirly,3,Aug '15,Bengaluru,Personalization,http://www.inquirly.com,"",Seed,500000
HYBE Media,https://angel.co/company/hybe-media,3,Nov '15,Helsinki,Global,http://hybe.com,1-10,"",""
Eviga,https://angel.co/company/eviga,3,Mar '13,San Ramon,Predictive Analytics,http://www.eviga.com/#!glyqa/ctjq,1-10,"",""
curious.IO,https://angel.co/company/curiousio,3,Dec '14,"",SaaS,http://curious.io,1-10,"",""
Busigence Technologies,https://angel.co/company/busigence-technologies,3,Jul '15,Bengaluru,Big Data Analytics,http://www.busigence.com,1-10,"",""
Vertex Community,https://angel.co/company/vertex-community,2,Jun '15,"",Small and Medium Businesses,http://www.vertexhub.com,11-50,"",""
Slavebrain,https://angel.co/company/slavebrain,1,Nov '15,Boston,Android,http://www.slavebrain.com,"","",""
Name,Profile URL,Signal,Joined,Location,Market,Website,Employees,Stage,Total Raised
MixRank,https://angel.co/company/mixrank,5,Oct '11,San Francisco,Sales Automation,http://mixrank.com,1-10,Seed,1500000
Stilt,https://angel.co/company/stilt,5,Aug '15,Remote,Consumer Lending,https://www.stilt.com,11-50,"",2920000
Uplevel Security,https://angel.co/company/uplevelsecurity,5,Mar '14,New York City,Enterprise Security,http://www.uplevelsecurity.com,11-50,Seed,2500000
beatdeck,https://angel.co/company/beatdeck,5,May '13,Los Angeles,Predictive Analytics,http://www.beatdeck.com,1-10,Seed,97000
Converge,https://angel.co/company/perfectpost,5,Feb '11,Atlanta,Marketing,http://ConvergeHQ.com,1-10,Seed,350000
Scalyr,https://angel.co/company/scalyr,5,Sep '14,San Mateo,Developer Tools,http://scalyr.com,51-200,Seed,26100000
Quanergy Systems,https://angel.co/company/quanergy-systems,5,Jun '13,Silicon Valley,Location Based Services,http://www.quanergy.com,11-50,Seed,4600000
MailTime,https://angel.co/company/mailtime,5,Oct '13,San Francisco,Messaging,http://mailtime.com,11-50,Seed,3050000
Pitstop,https://angel.co/company/pitstop,5,Aug '14,Waterloo,Mobility,http://pitstopconnect.com,11-50,Seed,""
StyleSage,https://angel.co/company/stylesage-a-techstars-company,5,Apr '13,Madrid,SaaS,http://www.StyleSage.co,11-50,Seed,2733000
Enertiv,https://angel.co/company/enertiv,5,Dec '12,New York City,Big Data Analytics,https://www.enertiv.com,11-50,"",4290000
SportHold,https://angel.co/company/sporthold,5,Nov '13,San Francisco,Fantasy Sports,http://www.sporthold.com,1-10,Seed,257000
Intricately,https://angel.co/company/intricately,5,Mar '14,San Francisco,Sales Automation,http://intricately.com,11-50,Seed,2000000
Rocket.La,https://angel.co/company/rocket-la,5,Nov '13,Mexico City,Personal Finance,http://rocket.la,11-50,Seed,250000
Inovance,https://angel.co/company/inovance,5,Aug '13,New York City,Financial Technology,http://inovancetech.com,1-10,Seed,315000
LIFT12,https://angel.co/company/lift12,5,Feb '14,Singapore,Business Intelligence,http://www.lift12.com,1-10,Seed,560000
RetSKU,https://angel.co/company/retsku,5,Jan '14,New York City,Retail Technology,http://RetSKU.com,1-10,Seed,1140000
Kiwi,https://angel.co/company/kiwi-ai,5,Aug '13,Toronto,Artificial Intelligence,http://kiwi.ai,1-10,Seed,2500000
Presdo,https://angel.co/company/presdo,5,Jun '14,Mountain View,Events,http://presdo.com,1-10,Seed,2960000
MetricsCat,https://angel.co/company/metricscat,5,Mar '13,Tallinn,Mobile Commerce,http://metricscat.com,1-10,Seed,20000
eyeQ,https://angel.co/company/eyeq,5,Aug '12,Austin,Retail Technology,http://www.eyeqinsights.com,1-10,Seed,1500000
Reactful,https://angel.co/company/reactful,5,Apr '14,San Francisco,Predictive Analytics,http://www.Reactful.com,1-10,Seed,970000
PUBLICFAST,https://angel.co/company/publicfast,5,Dec '13,San Francisco,Advertising Platforms,http://www.publicfast.com/,1-10,"",300000
YOOSE,https://angel.co/company/yoose,5,Oct '11,Singapore,Location Based Services,http://yoose.com,11-50,Seed,610000
Tyche,https://angel.co/company/tyche,5,Feb '14,Washington DC,Insurance,http://tycherisk.co,1-10,Seed,44000
Qbaka,https://angel.co/company/qbaka,4,Nov '12,Saint Petersburg,B2B,http://vision.qbaka.com/,1-10,Seed,245000
Accern,https://angel.co/company/accerncorp,4,Jan '14,New York City,Big Data Analytics,http://www.accern.com,11-50,"",4435000
Easysize,https://angel.co/company/easysize,4,Mar '13,Copenhagen,SaaS,http://www.easysize.me,1-10,Seed,500000
Wyzerr,https://angel.co/company/wyzerr,4,Jul '14,Cincinnati,Big Data Analytics,http://www.Wyzerr.com,11-50,Seed,1800000
Loyalis,https://angel.co/company/loyalis,4,Jul '13,San Francisco,Loyalty Programs,https://loyalis.co,1-10,Seed,100000
Zaya Learning Labs,https://angel.co/company/zaya-learning-labs,4,Apr '12,Mumbai,K-12 Education,http://www.zaya.in,11-50,"",600000
JetMe,https://angel.co/company/jetme,4,Aug '14,San Francisco,Mobile Commerce,http://www.JETME.aero,11-50,Seed,400000
Crate.io,https://angel.co/company/crate-io,4,Oct '14,San Francisco,Databases,https://crate.io,11-50,Seed,6000000
Episona,https://angel.co/company/episona,4,Jan '14,Los Angeles,Medical Devices,http://episona.com,1-10,Seed,1375000
Qoints,https://angel.co/company/qoints,4,May '13,Toronto,Brand Marketing,http://www.qoints.com/,1-10,Seed,540000
TixAlert ,https://angel.co/company/tixalert,4,Sep '13,San Diego,iPhone,http://www.tixalert.mobi,1-10,Seed,90000
EnergyDeck,https://angel.co/company/energydeck,4,Jun '13,London,Energy Efficiency,http://www.energydeck.com,11-50,Seed,685000
Gpredictive,https://angel.co/company/gpredictive,4,Apr '14,Hamburg,Predictive Analytics,http://www.gpredictive.com,11-50,Seed,3030000
Grow. ,https://angel.co/company/poweredbygrow,4,Jan '14,Vancouver,Fin Tech,https://www.poweredbygrow.com,11-50,Seed,10200000
Kappo,https://angel.co/company/kappo,4,Mar '14,Santiago,Gamification,http://www.kappo.bike,1-10,Seed,70000
smarterkey,https://angel.co/company/smarterkey,4,May '13,London,Vacation Rentals,http://smarterkey.com,1-10,Seed,250000
getfittter,https://angel.co/company/getfittter,4,Mar '14,Dallas,Fitness,http://getfittter.com/,1-10,Seed,30000
The Social Coin,https://angel.co/company/the-social-coin-1,4,Nov '13,San Francisco,Corporate Wellness,http://www.thesocialcoin.com,11-50,Seed,150000
Preceptiv,https://angel.co/company/preceptiv,4,Feb '15,Toronto,Consumer Behavior,http://www.preceptiv.co,1-10,Seed,150000
Qurater,https://angel.co/company/qurater,4,Jan '14,Bengaluru,Ad Targeting,http://www.qurater.com,1-10,Seed,50000
Zodiac,https://angel.co/company/zodiacmetrics,4,Oct '15,Philadelphia,Mobile Games,http://www.zodiacmetrics.com,"",Seed,3000000
OnePay,https://angel.co/company/onepay,4,Mar '15,Austin,Startups,http://www.justonepay.com,1-10,"",250000
Coinigy,https://angel.co/company/coinigy,4,Jun '14,Milwaukee,Blockchains,https://www.coinigy.com,1-10,Seed,100000
moment | M,https://angel.co/company/moment-m,4,Jun '14,Irvine,Global,http://www.momentm.com,1-10,Seed,500000
CommutePays,https://angel.co/company/commutepays,4,Oct '13,Denver,Location Based Services,http://www.commutepays.com,11-50,"",1100000
GoBeMe,https://angel.co/company/gobeme,4,Feb '14,San Francisco,Training,http://gobe.me,11-50,Seed,800000
Humanrank,https://angel.co/company/humanrank,4,Mar '14,Redwood City,Social Recruiting,http://humanrank.us,11-50,Seed,120000
RealBlocks,https://angel.co/company/realblocks,4,Apr '16,New York City,Blockchains,http://realblocks.com,1-10,Seed,3700000
Routier,https://angel.co/company/routier,4,Nov '14,Tel Aviv-Yafo,Advertising Platforms,http://www.routier.io,1-10,Seed,20000
invisu.me,https://angel.co/company/invisu-me,4,Aug '14,Sunnyvale,Startups,http://www.invisu.me,1-10,Seed,100000
Realytics,https://angel.co/company/realytics,4,May '14,Paris,Online Video Advertising,https://www.realytics.io,11-50,Seed,500000
PricePanorama,https://angel.co/company/pricepanorama,4,Jul '13,Warsaw,Price Comparison,http://pricepanorama.com/,1-10,Seed,100000
musx,https://angel.co/company/musx,4,Sep '15,Austin,Big Data,http://www.musx.com,1-10,Seed,""
Chatalytic,https://angel.co/company/chatalytic,4,Jun '16,San Francisco,SaaS,http://www.chatalytic.com,1-10,Seed,""
Connection Labs,https://angel.co/company/peper,4,Jan '16,Taipei,China Internet,http://www.cnct.co,11-50,Seed,400000
IDVigil,https://angel.co/company/idvigil,4,Jan '16,Agoura Hills,Data Visualization,http://idvigil.com,1-10,"",100000
Groop,https://angel.co/company/groop,4,Jan '14,Berlin,Algorithms,http://www.groop.co,1-10,Seed,50000
Hashtrack,https://angel.co/company/hashtrack,4,Nov '13,Sheffield,Social Media Platforms,http://hashtrack.co,1-10,Seed,38000
Gameday Goods,https://angel.co/company/gameday-goods-2,3,Nov '15,Brooklyn,Licensing,http://www.gamedaygoods.com,1-10,Seed,""
Outleads,https://angel.co/company/outleads,3,Nov '13,New York City,Lead Generation,http://www.outleads.com,1-10,Seed,30000
8Bit ,https://angel.co/company/8bit,3,Sep '14,"",Content Discovery,http://www.get8bit.com,1-10,Seed,110000
DigitalMR,https://angel.co/company/digitalmr,3,Mar '14,London,Fast-Moving Consumer Goods,http://www.digital-mr.com,11-50,Seed,1020000
Foxtrot Code,https://angel.co/company/foxtrotcode,3,Feb '16,Cincinnati,Algorithms,https://Foxtrotcode.com,1-10,"",1744200
MetaCell,https://angel.co/company/metacell,3,Apr '12,"",Bioinformatics,http://metacell.us,1-10,Seed,100000
Industry,https://angel.co/company/industry,3,Oct '14,San Diego,Hospitality,https://www.industry.co,1-10,"",2300000
Profiscope,https://angel.co/company/profiscope,3,Aug '16,San Francisco,Social Recruiting,http://www.profiscope.net,1-10,Seed,""
Offerial,https://angel.co/company/offerial,3,Oct '12,Greece,Hospitality,http://offerial.com,1-10,Seed,480000
Filmijob,https://angel.co/company/filmijob,3,Sep '14,Madrid,Human Resources,http://www.filmijob.com,1-10,Seed,70000
Pine Biotech,https://angel.co/company/pine-biotech,3,May '15,New Orleans,Big Data Analytics,http://pine-biotech.com,1-10,Seed,2550000
UP POINTS,https://angel.co/company/up-points,3,Feb '13,Brazil,Consumer Behavior,http://www.uppoints.com,1-10,Seed,200000
Resnap,https://angel.co/company/resnap,3,Jul '13,Nijmegen,Deep Learning,http://www.resnap.com,11-50,Seed,450000
Funded City,https://angel.co/company/fundedcity,3,Aug '14,London,Crowdfunding,http://fundedcity.com,1-10,Seed,575000
Grandata,https://angel.co/company/grandata,3,Aug '13,Palo Alto,Banking,http://grandata.com,11-50,Seed,1500000
FlowerMoon® by KITTOUNE®,https://angel.co/company/flowermoon-by-kittoune,3,Jul '16,Boston,Connected Devices,http://www.flowermoonbykittoune.com,1-10,"",100000
Kontest,https://angel.co/company/kontest,3,Aug '14,France,Social Media Marketing,http://kontestapp.com,11-50,Seed,833500
Snoobe,https://angel.co/company/snoobe,3,Jun '13,Montreal,Comparison Shopping,http://www.snoobe.com,1-10,Seed,390000
Pulse Wall,https://angel.co/company/pulse-wall-1,3,May '12,Zagreb,Consumers,http://www.walloftweets.net,11-50,Seed,75000
Infinario,https://angel.co/company/infinario,3,Apr '15,Bratislava,Online Gaming,http://www.infinario.com,11-50,Seed,500000
Scalable Informatics,https://angel.co/company/scalable-informatics,3,May '11,Ann Arbor,Big Data,http://scalableinformatics.com,11-50,Seed,""
Carvechi Technology ,https://angel.co/company/carvechi,3,Oct '14,Miami,Entertainment Industry,http://www.carvechitechnology.com,11-50,Seed,300000
ThinkINside,https://angel.co/company/thinkinside,3,Sep '16,Eislingen,Manufacturing,http://www.thinkin.io,1-10,Seed,200000
Neoma,https://angel.co/company/neoma-1,3,Nov '14,Hong Kong,Location Based Services,http://www.neoma.ai,11-50,Seed,""
Name,Profile URL,Signal,Joined,Location,Market,Website,Employees,Stage,Total Raised
Rubikloud ,https://angel.co/company/rubikloud,5,Aug '13,Toronto,Cloud Data Services,http://www.rubikloud.com,51-200,"",7000000
Filament,https://angel.co/company/filamenthq,5,Apr '13,Reno,Industrial Automation,http://filament.com,11-50,Series A,21000000
Choozle,https://angel.co/company/choozle,5,Jun '12,Denver,Big Data,http://www.choozle.com,11-50,Series A,9892500
Clearfit,https://angel.co/company/clearfit,5,Sep '11,Toronto,Human Resources,http://clearfit.com,11-50,Series A,8700000
PeerWell,https://angel.co/company/peerwell,5,Feb '15,Austin,Medical Technologies,https://www.peerwell.co,11-50,Series A,8600000
Rifiniti,https://angel.co/company/rifiniti,5,Mar '13,Sofia,SaaS,http://www.rifiniti.com,11-50,Series A,3080000
Appinions,https://angel.co/company/appinions-1,5,Feb '14,New York City,Social Media Marketing,http://www.appinions.com,11-50,Series A,5600000
AfterCollege,https://angel.co/company/aftercollege,5,Mar '11,San Francisco,College Recruiting,http://www.aftercollege.com/,11-50,Series A,""
Jampp,https://angel.co/company/jampp,4,Mar '12,Buenos Aires,Mobile Commerce,http://www.jampp.com,51-200,Series A,7000000
BlueFox.io,https://angel.co/company/bluefox,4,Feb '14,Sunnyvale,Retail,http://www.bluefox.io,11-50,Series A,7000000
Predikto,https://angel.co/company/predikto,4,Sep '13,Atlanta,Manufacturing,http://www.predikto.com,1-10,Series A,3640000
Bird.i,https://angel.co/company/bird-i,4,Jan '16,Glasgow,Construction,http://www.hibirdi.com,11-50,Series A,3370000
Powerhive,https://angel.co/company/powerhive,3,Feb '12,Berkeley,"",http://www.powerhive.com,11-50,Series A,20000000
INTRANAV,https://angel.co/company/quantitec,3,Jan '15,Eschborn,Logistics,https://www.intranav.com,51-200,Series A,4400000
Name,Profile URL,Signal,Joined,Location,Market,Website,Employees,Stage,Total Raised
Springbot,https://angel.co/company/springbot,5,Jan '13,Atlanta,Big Data Analytics,http://www.springbot.com,11-50,Series B,19000000
MobStac,https://angel.co/company/mobstac,5,Oct '12,New York City,Proximity Services,http://mobstac.com,11-50,Series B,2000000
Lark ,https://angel.co/company/lark-3,5,Jun '13,Silicon Valley,Consumer Electronics,http://www.lark.com/?referer=angellist,51-200,Series B,31700000
SQream Technologies,https://angel.co/company/sqream-technologies,4,Feb '12,Israel,Databases,http://www.sqreamtech.com/,11-50,Series B,33400000
Yoco,https://angel.co/company/yoco,4,Apr '14,Johannesburg,Mobile Commerce,http://www.yoco.co.za,51-200,"",17650000
Name,Profile URL,Signal,Joined,Location,Market,Website,Employees,Stage,Total Raised
Tala ,https://angel.co/company/talamobile,5,Sep '11,Nairobi,Personal Finance,http://tala.co,201-500,Series C,107400000
Zymergen,https://angel.co/company/zymergen,5,Jan '14,Emeryville,Robotics,http://zymergen.com,501-1000,Series C,576000000
Ditto,https://angel.co/company/ditto,5,Aug '12,Cambridge,Photo Sharing,http://dittolabs.io,11-50,Series C,6900000
Name,Profile URL,Signal,Joined,Location,Market,Website,Employees,Stage,Total Raised
Framed Data,https://angel.co/company/framed-data,5,Aug '13,San Francisco,Data Mining,http://www.framed.io,1-10,Acquired,2000000
Pick1,https://angel.co/company/pick1,5,Feb '11,Rome,Market Research,http://www.pick1.com,11-50,Acquired,1650000
Desti,https://angel.co/company/desti,5,Oct '11,Palo Alto,Mobile Commerce,http://desti.com,1-10,Acquired,3550000
Viralheat,https://angel.co/company/viralheat,5,Jul '12,San Mateo,Social Media Marketing,http://www.viralheat.com/,11-50,Acquired,4250000
Tute Genomics,https://angel.co/company/tute-genomics,5,Mar '13,Provo,Startups,http://tutegenomics.com,11-50,"",7700000
TargetingMantra,https://angel.co/company/targetingmantra,5,Aug '13,San Francisco,Personalization,http://www.targetingmantra.com,11-50,Acquired,1100000
Mendeley,https://angel.co/company/mendeley,5,Mar '11,London,Application Platforms,http://www.mendeley.com,51-200,Acquired,2125000
MyFitnessPal,https://angel.co/company/myfitnesspal,5,Apr '12,San Francisco,Fitness,http://www.myfitnesspal.com,51-200,Acquired,18000000
Seevibes,https://angel.co/company/seevibes,5,Apr '11,Paris,Advertising Platforms,http://seevibes.com,11-50,Acquired,960000
RedOwl Analytics,https://angel.co/company/redowl-analytics,5,Feb '14,Baltimore,Analytics,https://redowl.com/,51-200,Acquired,24500000
Xendo,https://angel.co/company/xendo,4,Apr '13,San Francisco,Semantic Search,http://xen.do,1-10,Acquired,""
Agent Ace,https://angel.co/company/agent-ace,4,Jan '14,Santa Monica,Big Data Analytics,http://agentace.com,11-50,Acquired,6000000
Catch5,https://angel.co/company/catch5,4,Jun '11,Las Vegas,Fraud Detection,http://www.catch5.com,1-10,Acquired,""
FluxBand,https://angel.co/company/fluxband,4,Jun '14,Sunnyvale,Consumer Electronics,https://angel.co/fluxband,1-10,Acquired,""
TopHotel.deals,https://angel.co/company/htldeals,4,May '15,Los Angeles,Predictive Analytics,http://tophotel.deals,1-10,Acquired,2250000
Anetwork,https://angel.co/company/anetwork,3,Mar '11,Iran,Advertising Exchanges,https://anetwork.ir,11-50,Acquired,""
Vuevent,https://angel.co/company/vuevent-inc,3,Feb '15,Austin,Events,http://vuevent.com,11-50,Acquired,1500000
Name,Profile URL,Signal,Joined,Location,Market,Website,Employees,Stage,Total Raised
Barricade,https://angel.co/company/barricade,5,Nov '14,Austin,Technology,https://barricade.io,11-50,Seed,1200000
Zillabyte,https://angel.co/company/zillabyte,5,Apr '12,San Francisco,B2B,http://zillabyte.com,1-10,Seed,""
MULTICHANNEL,https://angel.co/company/multichannel-1,5,Nov '13,Mountain View,Advertising Platforms,http://www.multichannel.net,1-10,Seed,3000000
Speak With Me,https://angel.co/company/speak-with-me,5,Apr '12,Mountain View,Speech Recognition,http://www.speakwithme.com,1-10,Seed,2400000
Apozy,https://angel.co/company/apozy,5,Dec '12,San Francisco,Enterprise Security,https://www.apozy.com,1-10,Seed,1400000
Quanergy Systems,https://angel.co/company/quanergy-systems,5,Jun '13,Silicon Valley,Location Based Services,http://www.quanergy.com,11-50,Seed,4600000
VOIQ,https://angel.co/company/voiq,5,Apr '12,San Francisco,B2B,http://www.voiq.com,11-50,Seed,2600000
Sense Chat (Sensay) ,https://angel.co/company/sensay,5,Mar '14,Los Angeles,Messaging,http://makesense.com,11-50,Seed,6000000
LikeCharity,https://angel.co/company/likecharity,5,Jun '14,Raleigh,Nonprofits,http://www.likecharity.com,11-50,Seed,1250000
re:infer,https://angel.co/company/reinfer,5,May '15,London,SaaS,https://reinfer.io/,1-10,Seed,75000
Catalia Health,https://angel.co/company/catalia-health,5,Oct '14,San Francisco,Medication Adherence,http://cataliahealth.com/,11-50,Seed,7750000
Inovance,https://angel.co/company/inovance,5,Aug '13,New York City,Financial Technology,http://inovancetech.com,1-10,Seed,315000
SpeechTrans,https://angel.co/company/speechtrans-1,5,Mar '12,Lyndhurst,SaaS,http://www.speechtrans.com,11-50,"",320000
Synapsify,https://angel.co/company/synapsify,5,Mar '13,Washington DC,Market Research,http://www.gosynapsify.com,1-10,Seed,1450000
MindBridge Ai,https://angel.co/company/mbai,5,May '15,Ottawa,Risk Management,http://www.mindbridge.ai/press,11-50,"",""
VerifyBTC,https://angel.co/company/verifybtc,5,Aug '13,San Francisco,Identity Management,https://verifybtc.com,1-10,Seed,87000
Inteliclinic,https://angel.co/company/inteliclinic,5,Mar '13,San Francisco,Medical Devices,http://www.neuroon.com,11-50,Seed,2188573
Breezedocs,https://angel.co/company/breezedocs,5,Jun '12,Melbourne,Document Management,http://www.breezedocs.com,1-10,Seed,150000
Gini,https://angel.co/company/gini,5,Jan '13,Munich,Fin Tech,http://www.gini.net,11-50,Seed,""
Legal Robot,https://angel.co/company/legal-robot,5,Aug '15,San Francisco,Legal,https://www.legalrobot.com,1-10,"",105000
Hashdoc,https://angel.co/company/hashdoc,5,Dec '12,"Jordan, JO",Consulting,http://www.hashdoc.com,1-10,Seed,475000
TalkSession,https://angel.co/company/talksession,5,Jan '13,Honolulu,SaaS,http://www.talksession.com,1-10,"",250000
SHEnetics,https://angel.co/company/shenetics,5,Apr '16,San Diego,Internet of Things,http://www.SHE.ai,1-10,Seed,""
Synetiq,https://angel.co/company/synetiq,5,Aug '13,Budapest,Neuroscience,http://synetiq.net,1-10,Seed,""
frame.ai,https://angel.co/company/frame-ai,5,Nov '16,New York City,Customer Support Tools,http://frame.ai,1-10,Seed,3300000
Tyche,https://angel.co/company/tyche,5,Feb '14,Washington DC,Insurance,http://tycherisk.co,1-10,Seed,44000
BovControl,https://angel.co/company/bovcontrol,4,Dec '12,Redwood City,Internet of Things,http://www.bovcontrol.com,11-50,"",3500000
Utrip,https://angel.co/company/utrip,4,Dec '11,Seattle,Optimization,http://utrip.com,11-50,Seed,2000000
Angelfish,https://angel.co/company/angelfish,4,Apr '13,"",Advertising Exchanges,http://www.angelfish.io,11-50,Seed,500000
HireTeamMate,https://angel.co/company/hireteammate,4,Jun '15,San Jose,Human Resource Automation,https://hireteammate.com,1-10,Seed,""
Synupse,https://angel.co/company/synupse,4,May '13,Madrid,Consumer Electronics,http://www.synupse.com,1-10,Seed,""
Fundmetric,https://angel.co/company/fundmetric,4,Feb '14,Halifax,Nonprofits,http://www.fundmetric.com,1-10,Seed,300000
Meshfire,https://angel.co/company/meshfire-1,4,Oct '12,Seattle,Social Media Marketing,http://www.meshfire.com,1-10,Seed,260000
Rollio,https://angel.co/company/rollio,4,May '14,New York City,SaaS,http://Rollioforce.com,1-10,Seed,670000
UnaliWear,https://angel.co/company/unaliwear,4,Feb '14,Austin,Medical Devices,http://www.unaliwear.com,11-50,"",4600000
Kompyte,https://angel.co/company/kompyte,4,Jul '14,San Francisco,Marketing Research,http://www.kompyte.com,11-50,"",480000
Snowcookie Sports,https://angel.co/company/snowcookie,4,May '15,Poland,Internet of Things,http://snowcookie.eu,11-50,Seed,""
Stellup,https://angel.co/company/stellup,4,Oct '14,San Francisco,Universities,https://www.stellup.com,11-50,Seed,200000
Grow. ,https://angel.co/company/poweredbygrow,4,Jan '14,Vancouver,Fin Tech,https://www.poweredbygrow.com,11-50,Seed,10200000
Senndex,https://angel.co/company/senndex,4,Feb '13,Atlanta,Insurance,http://www.Senndex.com,1-10,Seed,70000
Altoida,https://angel.co/company/altoida,4,Jun '16,Berlin,Medical Devices,http://www.altoida.com,1-10,Seed,1200000
Preceptiv,https://angel.co/company/preceptiv,4,Feb '15,Toronto,Consumer Behavior,http://www.preceptiv.co,1-10,Seed,150000
Skejul,https://angel.co/company/skejul,4,Apr '16,"",Messaging,http://skejul.com,1-10,"",379000
Gastrofy,https://angel.co/company/gastrofy,4,Jan '14,Stockholm,Groceries,http://www.gastrofy.se,1-10,Seed,456000
UB,https://angel.co/company/ub,4,Feb '15,London,Developer APIs,http://about.ub.io/,1-10,Seed,2140000
Cyntient,https://angel.co/company/cyntient,4,Feb '14,Seattle,Mobile Games,http://www.cyntient.com,1-10,Seed,1340000
Mirsani,https://angel.co/company/mirsani,4,Nov '14,Atlanta,Crowdsourcing,http://mirsani.com,1-10,Seed,80000
Heyshops,https://angel.co/company/heyshops,4,May '14,Berlin,Visualization,http://heyshops.com,1-10,Seed,500000
GamePlan Learning,https://angel.co/company/gameplan-learning,4,Feb '15,Atlanta,Career Planning,http://gameplanlearning.com,11-50,Seed,400000
Eternime,https://angel.co/company/eternime,4,Apr '14,San Francisco,Social Network,http://eterni.me,1-10,Seed,40000
Cienaga Systems,https://angel.co/company/cienaga-systems-inc,4,Oct '13,"",Predictive Analytics,http://www.cienagasystems.net,1-10,Seed,120000
Monument,https://angel.co/company/monument,4,Mar '15,Chicago,Consumer Electronics,http://getmonument.com,1-10,Seed,2533800
Venddo,https://angel.co/company/venddo,3,May '12,Mexico City,Sales Automation,http://www.venddo.com,1-10,Seed,250000
Singular,https://angel.co/company/singular,3,Feb '14,Valencia,Augmented Reality,http://www.i-singular.com,1-10,Seed,15000
Valossa,https://angel.co/company/valossa,3,Oct '15,Palo Alto,Deep Learning,http://www.valossa.com/,1-10,Seed,650000
Invenzone,https://angel.co/company/invenzone-1,3,Dec '13,Mumbai,Social Media Platforms,http://www.invenzone.com,1-10,Seed,""
Shortcut,https://angel.co/company/shortcut-media,3,Apr '16,Zurich,Mobile Advertising,https://shortcut.sc,1-10,"",600000
Offerial,https://angel.co/company/offerial,3,Oct '12,Greece,Hospitality,http://offerial.com,1-10,Seed,480000
Aetho,https://angel.co/company/aetho,3,Jun '14,Savannah,Robotics,http://aetho.co,1-10,Seed,""
Modizy,https://angel.co/company/modizy,3,May '12,Paris,SaaS,http://www.modizy.com,1-10,"",275000
SalesChoice,https://angel.co/company/saleschoice,3,Oct '13,Toronto,Sales Automation,http://www.saleschoice.com,11-50,"",250000
Otus Labs,https://angel.co/company/otus-labs,3,May '13,Sheffield,Personalization,http://www.OtusLabs.com,1-10,Seed,122000
Ludwig,https://angel.co/company/ludwig-1,3,Feb '15,Province of Catania,Language Learning,https://ludwig.guru,"",Seed,29000
Ikarus,https://angel.co/company/ikarus-ai,3,Oct '14,Gurgaon,SaaS,http://ikarus.ai/,11-50,"",250000
Kimera Systems,https://angel.co/company/kimera-systems,3,Dec '11,Portland,Internet of Things,http://www.kimerasystems.com,1-10,"",100000
UP POINTS,https://angel.co/company/up-points,3,Feb '13,Brazil,Consumer Behavior,http://www.uppoints.com,1-10,Seed,200000
Swimmo,https://angel.co/company/swimmo,3,Dec '14,"",Fitness,http://www.swimmo.com,11-50,Seed,120000
Resnap,https://angel.co/company/resnap,3,Jul '13,Nijmegen,Deep Learning,http://www.resnap.com,11-50,Seed,450000
ViClone,https://angel.co/company/viclone,3,Jul '13,Barcelona,B2B,http://www.viclone.com,11-50,Seed,1470000
Nextome,https://angel.co/company/nextome,3,Oct '13,Berlin,Location Based Services,http://www.nextome.net,1-10,"",230000
Suggestv,https://angel.co/company/suggestv,3,Mar '16,London,Semantic Search,http://suggestv.io,1-10,Seed,1045000
ROBAUTO,https://angel.co/company/robauto,3,Nov '14,Boulder,Robotics,http://robauto.ai,1-10,"",50000
CluedIn,https://angel.co/company/cluedin-1,3,Apr '15,Copenhagen,Information Services,http://cluedin.net,11-50,Seed,20000
UnitesUs,https://angel.co/company/unitesus,3,May '15,Orange County,Human Resources,https://unitesus.com/welcome,1-10,Seed,100000
Datalytics,https://angel.co/company/datalytics,3,Apr '14,Rome,Real Time,http://www.datalytics.it,1-10,Seed,225000
WOAX,https://angel.co/company/woax,3,Mar '15,New York City,Startups,https://woax.com,1-10,Seed,60000
IP Cyborg,https://angel.co/company/ircyborg-ip-cyborg,3,Aug '13,Phoenix,Enterprise Security,http://ircyb.org,1-10,Seed,2250
Jasper,https://angel.co/company/inoventive-1,3,Feb '15,Detroit,Artificial Intelligence,http://jasper.ai,1-10,Seed,49500
FinGenius,https://angel.co/company/fingenius,3,Apr '14,London,Finance Technology,http://www.fingenius.com,1-10,Seed,500000
audiodevel.com,https://angel.co/company/audiodevel-com,3,Apr '15,Lisbon,Consumer Electronics,http://www.audiodevel.com,1-10,Seed,30000
Name,Profile URL,Signal,Joined,Location,Market,Website,Employees,Stage,Total Raised
Unbabel,https://angel.co/company/unbabel,5,Sep '13,San Francisco,Crowdsourcing,http://www.unbabel.com,1-10,Series A,6500000
After School,https://angel.co/company/afterschool,5,Aug '12,San Francisco,Location Based Services,http://afterschoolapp.com,51-200,Series A,17400000
Accomplice,https://angel.co/company/accomplice,5,Feb '14,San Francisco,Advertising Platforms,http://www.accomplice.io,11-50,Series A,7000000
Faception,https://angel.co/company/faception,5,Mar '16,San Francisco,Computer Vision,http://www.faception.com,11-50,"",125000
Snips,https://angel.co/company/snips,5,Dec '14,Paris,Internet of Things,http://www.snips.ai,51-200,Series A,19300000
SKULLY,https://angel.co/company/skully,5,Apr '13,San Francisco,Augmented Reality,http://www.skully.com,11-50,Series A,11000000
UNYQ,https://angel.co/company/unyq,5,Apr '14,San Francisco,Medical Devices,http://WWW.UNYQ.COM,11-50,Series A,7400000
CloudNC,https://angel.co/company/cloudnc,5,Nov '15,London,Manufacturing,http://cloudnc.co.uk,11-50,Series A,15345000
Remesh,https://angel.co/company/remesh,4,Dec '14,Cleveland,Market Research,http://remesh.ai,11-50,Series A,13825000
First Warning Systems,https://angel.co/company/first-warning-systems,4,May '13,Reno,Medical Devices,http://www.firstwarningsystems.com,1-10,Series A,2440000
TermScout,https://angel.co/company/termscout,4,Dec '13,Boulder,Sales Automation,http://www.termscout.com,11-50,Series A,3800000
KONUX,https://angel.co/company/konux,4,Aug '14,Munich,Predictive Analytics,http://www.konux.com,51-200,Series A,9500000
Querium,https://angel.co/company/querium,4,Apr '14,Austin,Training,http://querium.com,1-10,Series A,2508200
F16Apps,https://angel.co/company/f16apps,3,Jul '12,Cairo Governorate,RIM,http://www.f16apps.com,1-10,Series A,""
Frissbi,https://angel.co/company/frissbi,3,Sep '12,Hyderabad,Big Data,http://www.frissbi.com/,1-10,Series A,190000
Name,Profile URL,Signal,Joined,Location,Market,Website,Employees,Stage,Total Raised
Lark ,https://angel.co/company/lark-3,5,Jun '13,Silicon Valley,Consumer Electronics,http://www.lark.com/?referer=angellist,51-200,Series B,31700000
Name,Profile URL,Signal,Joined,Location,Market,Website,Employees,Stage,Total Raised
Interviewed,https://angel.co/company/teaminterviewed,5,Mar '15,San Francisco,Human Resources,https://www.interviewed.com,11-50,Acquired,2300000
Butterfleye,https://angel.co/company/butterfleye,5,Dec '13,San Mateo,Consumer Electronics,http://www.GetButterfleye.com,11-50,Acquired,""
MindMeld,https://angel.co/company/mindmeld,5,Oct '12,San Francisco,Artificial Intelligence,http://www.mindmeld.com/,11-50,Acquired,15400000
AcceptOn,https://angel.co/company/accepton,5,Apr '15,Mountain View,Developer APIs,http://AcceptOn.com,1-10,Acquired,""
Connectifier,https://angel.co/company/connectifier,5,Dec '12,Sunnyvale,Semantic Search,https://www.connectifier.com/about,11-50,Acquired,13600000
Sonation,https://angel.co/company/sonation,5,Sep '13,Boston,Music,http://www.sonation.net,1-10,Acquired,""
Perzo,https://angel.co/company/perzo-4,5,Sep '12,Palo Alto,Unifed Communications,http://perzo.com,1-10,Acquired,""
Kanjoya ,https://angel.co/company/kanjoya,5,Apr '14,San Francisco,Text Analytics,http://www.kanjoya.com,11-50,Acquired,""
Scout Finance,https://angel.co/company/scout-finance,5,Apr '14,New York City,Finance Technology,http://www.scoutfin.com,1-10,Acquired,3500000
Treat,https://angel.co/company/treat,5,Mar '15,San Francisco,Local Services,https://treat.co,1-10,Acquired,""
Etch,https://angel.co/company/etch-4,4,Sep '14,Berkeley,Contact Management,http://etch.ai,1-10,Acquired,""
Handle My Health,https://angel.co/company/handle-my-health,4,Jun '12,London,Internet of Things,http://www.handlemyhealth.com,1-10,Acquired,74038082
Fitho,https://angel.co/company/fitho,3,May '13,Delhi,Fitness,http://www.fitho.in,11-50,Acquired,""
Name,Profile URL,Signal,Joined,Location,Market,Website,Employees,Stage,Total Raised
Spire Health,https://angel.co/company/spirehealth,5,Mar '13,San Francisco,Medical Devices,https://spirehealth.com,11-50,"",9500000
Unbabel,https://angel.co/company/unbabel,5,Sep '13,San Francisco,Crowdsourcing,http://www.unbabel.com,1-10,Series A,6500000
WOO Sports,https://angel.co/company/woo-sports,5,Apr '14,Boston,Gamification,http://www.woosports.com,1-10,Series A,4300000
Koemei ,https://angel.co/company/koemei,5,Oct '11,San Francisco,SaaS,http://www.koemei.com,1-10,"",""
Ecovent Systems ,https://angel.co/company/ecovent,5,Nov '13,Boston,Internet of Things,http://www.ecoventsystems.com,11-50,Series A,9705000
Clarifai,https://angel.co/company/clarifai,5,May '14,Tysons,Photo Sharing,http://clarifai.com,51-200,"",40000000
Adzuna,https://angel.co/company/adzuna,5,Aug '12,London,Recruiting,http://www.adzuna.co.uk,51-200,Series C,10500000
Atlas Wearables,https://angel.co/company/atlas-wearables,5,May '13,Austin,Fitness,http://www.atlaswearables.com,1-10,"",""
HIFI,https://angel.co/company/hifi,5,Jan '12,New York City,Finance Technology,https://hi.fi,11-50,"",""
Rocket.La,https://angel.co/company/rocket-la,5,Nov '13,Mexico City,Personal Finance,http://rocket.la,11-50,Seed,250000
Geniusly,https://angel.co/company/geniusly,5,Jul '13,Medellín,Emerging Markets,http://geniusly.co,1-10,"",""
Vufind (DBA DeepVu),https://angel.co/company/vufind-1,5,Jul '10,Berkeley,Enterprise Resource Planning,http://deepvu.co,11-50,"",""
Synapsify,https://angel.co/company/synapsify,5,Mar '13,Washington DC,Market Research,http://www.gosynapsify.com,1-10,Seed,1450000
Inteliclinic,https://angel.co/company/inteliclinic,5,Mar '13,San Francisco,Medical Devices,http://www.neuroon.com,11-50,Seed,2188573
Datawiz.io,https://angel.co/company/datawiz-io,4,Jun '13,"",Retail Technology,http://datawiz.io,11-50,"",""
XR Web,https://angel.co/company/gofind,4,Oct '15,Singapore,Blockchain / Cryptocurrency,http://www.xrweb.network,11-50,"",""
First Warning Systems,https://angel.co/company/first-warning-systems,4,May '13,Reno,Medical Devices,http://www.firstwarningsystems.com,1-10,Series A,2440000
Skive it,https://angel.co/company/skive-it,4,Oct '12,San Francisco,Robotics,https://skive.it,1-10,"",""
deepomatic,https://angel.co/company/deepomatic,4,Jul '17,Paris,Computer Vision,http://www.deepomatic.com,11-50,"",""
Mintzone,https://angel.co/company/mintzone,4,Jan '13,Gurgaon,"",http://mintzone.in,1-10,"",""
Yatrus Analytics,https://angel.co/company/yatrus-analytics,4,Apr '15,Sofia,Public Sector,http://www.yatrusanalytics.com,1-10,"",350000
Voo,https://angel.co/company/rdvoo,4,Dec '15,San Francisco,Social Media Platforms,http://www.tryvoo.com,1-10,"",400000
Heyshops,https://angel.co/company/heyshops,4,May '14,Berlin,Visualization,http://heyshops.com,1-10,Seed,500000
Eventible ,https://angel.co/company/eventible,4,May '14,New York,Events,http://www.eventibleapp.com/,1-10,"",""
Tritl,https://angel.co/company/tritl,4,Sep '13,San Francisco,In-Context Commerce,http://tritl.com,1-10,"",""
Quarrio ,https://angel.co/company/quarrio,3,Aug '17,Berkeley,Big Data Analytics,http://www.quarrio.com,1-10,"",2100000
Skimbox,https://angel.co/company/skimbox,3,May '12,Boston,Email,http://skimbox.co,11-50,"",""
Invenzone,https://angel.co/company/invenzone-1,3,Dec '13,Mumbai,Social Media Platforms,http://www.invenzone.com,1-10,Seed,""
iHR,https://angel.co/company/ihr,3,Mar '15,London,B2B,https://ihr.io/,1-10,"",""
720°,https://angel.co/company/720-1,3,Aug '13,Helsinki,Corporate Wellness,http://www.720.fi,1-10,"",""
Resnap,https://angel.co/company/resnap,3,Jul '13,Nijmegen,Deep Learning,http://www.resnap.com,11-50,Seed,450000
Animusoft,https://angel.co/company/animusoft,3,Sep '14,Miami,Robotics,http://www.alive.ai,11-50,"",""
Hypercycle,https://angel.co/company/hypercycle,3,Jul '15,Vancouver,Fashion Tech,http://www.hypercycle.co,1-10,"",""
SentiMeasure,https://angel.co/company/sentimeasure,3,Feb '14,Sydney,Finance Technology,http://sentimeasure.com,1-10,"",""
Science Lab,https://angel.co/company/science-lab,3,Jul '13,Cheltenham,Medical Devices,http://ie.linkedin.com/in/nicholasmcnulty/,1-10,"",""
aiworker,https://angel.co/company/aiworker,3,Feb '14,Kyivs'ka oblast,Human Computer Interaction,http://aiworker.com,1-10,"",""
DDStocks,https://angel.co/company/ddstocks,3,Nov '13,Montreal,Personal Finance,http://www.ddstocks.com,1-10,"",12000
GMDH Shell,https://angel.co/company/gmdh-shell,3,Jun '13,"",Enterprise Resource Planning,http://www.gmdhshell.com,1-10,"",""
getartwork,https://angel.co/company/getartwork,2,Apr '16,Rotterdam,Algorithms,https://get-art.work,1-10,"",""
Uni Software Productions,https://angel.co/company/uni-software-productions,2,May '16,Canada,Developer Tools,http://www.usp.tech,1-10,"",""
Husky Code,https://angel.co/company/husky-code,1,Nov '13,Samara,Manufacturing,http://husky-code.com,1-10,"",""
Name,Profile URL,Signal,Joined,Location,Market,Website,Employees,Stage,Total Raised
Human API,https://angel.co/company/humanapi,5,May '13,San Mateo,Developer Tools,http://humanapi.co,11-50,"",""
Koemei ,https://angel.co/company/koemei,5,Oct '11,San Francisco,SaaS,http://www.koemei.com,1-10,"",""
BeautyArmy,https://angel.co/company/attribuy,5,Oct '12,San Francisco,Personalization,http://www.beautyarmy.com,1-10,"",""
Secured Universe,https://angel.co/company/secured-universe,5,May '15,San Diego,Android,https://secureduniverse.com,1-10,"",""
Vouch Financial,https://angel.co/company/vouch-financial,5,Jun '14,San Francisco,Financial Services,https://vouch.com,11-50,"",9000000
Qordoba,https://angel.co/company/qordoba,5,Feb '16,San Francisco,SaaS,http://qordoba.com,11-50,Series B,19500000
Kreditech,https://angel.co/company/kreditech,5,Nov '12,Hamburg,Technology,http://www.kreditech.com,51-200,"",583900000
BetterUp,https://angel.co/company/betterup,5,Jun '14,San Francisco,Corporate Training,http://www.betterup.co,51-200,Series A,12900000
Lark ,https://angel.co/company/lark-3,5,Jun '13,Silicon Valley,Consumer Electronics,http://www.lark.com/?referer=angellist,51-200,Series B,31700000
Keen Home,https://angel.co/company/keen-home,5,Oct '13,New York City,Energy Efficiency,http://www.keenhome.io,11-50,"",1640000
StyleSage,https://angel.co/company/stylesage-a-techstars-company,5,Apr '13,Madrid,SaaS,http://www.StyleSage.co,11-50,Seed,2733000
Visiblee,https://angel.co/company/visiblee,5,Jul '15,Mountain View,B2B,http://www.visiblee.biz,11-50,"",800000
Atooma,https://angel.co/company/atooma,5,Jun '12,Rome,Application Platforms,http://www.atooma.com,1-10,"",""
Optimity,https://angel.co/company/myoptimity,5,Mar '14,San Francisco,Insurance,http://www.myoptimity.com,11-50,"",""
Fusemachines,https://angel.co/company/fusemachines,5,Mar '14,New York City,Artificial Intelligence,https://www.fusemachines.com,51-200,"",""
MindBridge Ai,https://angel.co/company/mbai,5,May '15,Ottawa,Risk Management,http://www.mindbridge.ai/press,11-50,"",""
UNYQ,https://angel.co/company/unyq,5,Apr '14,San Francisco,Medical Devices,http://WWW.UNYQ.COM,11-50,Series A,7400000
AdvisorConnect,https://angel.co/company/advisorconnect,5,Feb '14,New York City,Finance Technology,http://www.advisorconnect.co,11-50,"",""
NS8,https://angel.co/company/ns8,5,Feb '16,Las Vegas,Fraud Detection,https://www.ns8.com,51-200,Seed,8625000
Change My Path,https://angel.co/company/change-my-path,5,Sep '14,San Francisco,Training,http://www.changemypath.com,1-10,"",""
YOOSE,https://angel.co/company/yoose,5,Oct '11,Singapore,Location Based Services,http://yoose.com,11-50,Seed,610000
Retention.ai (Formerly BetaGlide),https://angel.co/company/retention-ai-formerly-betaglide,5,Sep '13,Palo Alto,Android,http://www.retention.ai,11-50,Acquired,""
Prepify,https://angel.co/company/prepify,5,Oct '13,Austin,Test Prep,http://prepify.me,1-10,Seed,40000
Whistler,https://angel.co/company/getwhistler,4,Jun '14,Boulder,Software Compliance,http://www.getwhistler.io,1-10,"",""
the Scaffold,https://angel.co/company/the-scaffold,4,Feb '14,New York City,Predictive Analytics,https://www.thescaffold.com,1-10,"",""
Luciding,https://angel.co/company/luciding,4,Aug '14,San Francisco,Neuroscience,http://luciding.com,11-50,"",""
LuminaCare Solutions,https://angel.co/company/luminacare-solutions,4,Mar '14,Boston,Hospitals,http://www.luminacaresolutions.com,1-10,"",""
KangarooHealth (Stanford StartX),https://angel.co/company/kangaroohealth,4,Mar '16,Palo Alto,B2B,http://www.kangaroohealth.com,1-10,"",500000
KONUX,https://angel.co/company/konux,4,Aug '14,Munich,Predictive Analytics,http://www.konux.com,51-200,Series A,9500000
Zealr,https://angel.co/company/zealr,4,May '15,Irvine,Messaging,http://www.zealr.co,1-10,"",108000
THRONE,https://angel.co/company/thronexyz,4,Jul '14,New York City,Mobile Commerce,http://www.THRONE.xyz,1-10,"",""
Movyl,https://angel.co/company/movyl-entertainment,4,Jan '14,San Francisco,Digital Media,http://www.movyl.us,11-50,"",""
Neener Analytics,https://angel.co/company/neener,4,Nov '16,San Jose,Social Media Marketing,http://NeenerAnalytics.com,1-10,"",""
Re-Compose,https://angel.co/company/re-compose,4,Jan '12,San Francisco,Neuroscience,http://www.re-compose.com,1-10,"",1500000
Aptitude Staffing Solutions,https://angel.co/company/aptitude-staffing-solutions,4,Jun '13,San Francisco,Temporary Staffing,http://www.aptitudestaffing.com,"","",""
Oystir,https://angel.co/company/oystir,4,Nov '14,New York City,Skill Assessment,http://www.oystir.com,1-10,"",""
Wineta,https://angel.co/company/wineta,4,Jun '14,"",Wine And Spirits,http://www.wineta.com,1-10,"",""
Credible,https://angel.co/company/credible-2,4,Oct '15,Tel Aviv-Yafo,Consumer Lending,http://credible.eu.com,1-10,"",""
ShopShopMe,https://angel.co/company/shopshopme,4,May '14,Dubai,Big Data,http://www.shopshopme.com,1-10,"",""
Naborly,https://angel.co/company/naborly,4,Jan '15,Toronto,Rental Housing,http://naborly.com,11-50,"",""
pitchLove,https://angel.co/company/pitchlove,4,Apr '15,Portland,Market Research,http://pitchlove.co,1-10,"",""
Marathon Laundry Machines,https://angel.co/company/marathonlaundry,4,Feb '16,San Carlos,Internet of Things,http://marathonlaundry.com,1-10,"",""
iasqu,https://angel.co/company/iasqu,4,May '16,Hoboken,Retail Technology,http://www.iasqu.com,1-10,"",""
Stylizr,https://angel.co/company/stylizr,4,Jan '14,Manila,Mobile Commerce,http://www.stylizrapp.com,1-10,"",""
Trigon Health,https://angel.co/company/trigon-health,4,Jul '15,Washington DC,Big Data Analytics,http://www.trigonhealth.com,"","",""
QM Scientific,https://angel.co/company/qm-scientific-1,4,Mar '15,San Jose,Retail Technology,http://qmscientific.com,1-10,"",""
RoomDots,https://angel.co/company/roomdots,4,Oct '15,New York City,Rental Housing,http://www.roomdots.com,1-10,"",""
tarla.io,https://angel.co/company/tarlaio,3,Nov '13,Tallinn,Insurance,http://www.tarla.io,1-10,"",""
E4 Technologies,https://angel.co/company/e4-technologies,3,Nov '14,Pakistan,Internet of Things,http://www.e4technologies.net,11-50,"",""
Savile Row,https://angel.co/company/savilerow,3,Sep '12,New York City,Online Shopping,http://savilerowsociety.com,1-10,"",""
"N&C, Inc ",https://angel.co/company/n-c-inc,3,Feb '18,Baltimore,Government Innovation,http://www.Regendus.com,1-10,"",684000
Shortcut,https://angel.co/company/shortcut-media,3,Apr '16,Zurich,Mobile Advertising,https://shortcut.sc,1-10,"",600000
HunterCo,https://angel.co/company/hunterco,3,Aug '13,Joinville,Social Recruiting,http://www.hunterco.com.br,1-10,"",""
Enso.fm,https://angel.co/company/enso-1,3,Dec '14,Sofia,Mobile Advertising,http://enso.fm,1-10,"",""
Perxity,https://angel.co/company/hyprcity,3,Apr '15,Los Angeles,Nonprofits,http://perxity.com,1-10,"",""
Addictive Science ,https://angel.co/company/addictive-science-1,3,Mar '15,Philadelphia,Technology,http://www.addictivescience.com/,1-10,"",""
Emerj ,https://angel.co/company/lean-on-1,3,May '15,Tel Aviv-Yafo,Mentorship,http://www.emerj.work,1-10,"",""
Pine Biotech,https://angel.co/company/pine-biotech,3,May '15,New Orleans,Big Data Analytics,http://pine-biotech.com,1-10,Seed,2550000
Logyc,https://angel.co/company/logyc,3,Feb '17,Silicon Valley,Manufacturing,http://www.logyc.co,11-50,"",""
Cambridge Energy Data Lab,https://angel.co/company/cambridge-energy-data-lab,3,Oct '15,Cambridge,Energy Management,http://camenergydatalab.com/,1-10,"",""
GeoPhy,https://angel.co/company/geophy,3,Feb '15,Delft,Big Data Analytics,http://www.geophy.com,51-200,"",""
Red Mind Solutions,https://angel.co/company/red-mind-solutions,3,Jul '15,Tampa,Data,http://www.redmindinc.com/,1-10,"",758000
Fashwell,https://angel.co/company/fashwell,3,Apr '15,Zurich,Visual Search,https://solutions.fashwell.com,11-50,Seed,1000000
HOLLYFY,https://angel.co/company/hollyfy,3,Oct '15,Los Angeles,Brand Marketing,http://hollyfy.com,1-10,"",""
In Loco Media,https://angel.co/company/in-loco-media,3,Dec '11,São Paulo,Mobile Advertising,http://www.inlocomedia.com/,11-50,Series A,""
FlowerMoon® by KITTOUNE®,https://angel.co/company/flowermoon-by-kittoune,3,Jul '16,Boston,Connected Devices,http://www.flowermoonbykittoune.com,1-10,"",100000
Animusoft,https://angel.co/company/animusoft,3,Sep '14,Miami,Robotics,http://www.alive.ai,11-50,"",""
ThisWay Global,https://angel.co/company/thisway-global,3,May '15,Austin,Human Resources,http://www.thiswayglobal.com,11-50,"",""
ZephyCloud,https://angel.co/company/meteopole,3,Mar '15,Marseille,Open Source,http://www.zephycloud.com,11-50,"",""
Jenu.in,https://angel.co/company/jenu-in,3,Nov '13,Fremont,High Tech,http://jenu.in,1-10,"",""
Dwellar,https://angel.co/company/dwellar,3,Apr '13,Mumbai,Commercial Real Estate,http://www.dwellar.com,11-50,"",""
Mnemon.io,https://angel.co/company/mnemon-io,3,Oct '13,San Francisco,Semantic Search,http://www.mnemon.io,1-10,"",""
AnyMetrics,https://angel.co/company/anymetrics,3,Mar '15,Earth,Small and Medium Businesses,http://,"","",""
MagicPrice,https://angel.co/company/magicprice,3,May '15,Tokyo,Hotels,http://sora.flights,1-10,"",200000
Scena,https://angel.co/company/nativer-2,3,Nov '14,Tel Aviv-Yafo,Reviews and Recommendations,http://www.thescena.com,1-10,"",""
TravelBala,https://angel.co/company/travelbala,3,Apr '16,Taipei,Hospitality,http://www.travelbala.com,1-10,"",""
OnTone,https://angel.co/company/ontone-1,3,Apr '14,Hamburg,Emotions,http://www.OnTone.de,1-10,"",""
H-Science,https://angel.co/company/hscience,3,Jan '16,New York City,Medical Devices,http://hsciencelabs.com,1-10,"",""
Qwery Ninja,https://angel.co/company/qwery-ninja,3,Apr '15,Mexico City,Consumers Survey,http://www.qwery.ninja,"","",""
Cooplo,https://angel.co/company/cooplo,3,May '15,New York City,Reviews and Recommendations,http://www.cooplo.com,"","",""
Obsessory,https://angel.co/company/obsessory,3,Oct '14,"",Semantic Search,http://www.obsessory.com,11-50,"",""
Ohmelon,https://angel.co/company/ohmelon,3,Jan '16,Mexico City,Groceries,http://www.ohmelon.com,1-10,"",""
Giftpack,https://angel.co/company/giftpack,3,Jun '16,Sydney,Share Economy,https://giftpack.io,11-50,"",""
Scofen,https://angel.co/company/scofen,3,Oct '15,Vancouver,Market Research,http://www.scofen.com,1-10,"",""
Thoughty,https://angel.co/company/thoughty,3,Apr '14,Los Angeles,Social Media,http://thoughtyapp.com,1-10,"",""
Indee,https://angel.co/company/indee-1,3,Apr '12,Los Angeles,Film,http://indee.tv,1-10,"",""
InteliAthlete,https://angel.co/company/inteliathlete,2,Mar '15,Miami,Big Data Analytics,http://inteliathlete.com,1-10,"",""
Praedict.IO,https://angel.co/company/praedict-io,2,Aug '14,Miami,Investment Management,http://praedict.io,1-10,"",""
SuperCareer.com,https://angel.co/company/supercareer,2,Feb '16,New York City,Human Resources,https://SuperCareer.com,11-50,"",""
Flykt,https://angel.co/company/flykt,2,Jul '15,"",Travel & Tourism,https://www.flykt.com,11-50,Seed,323000
Still Human Robotics,https://angel.co/company/still-human-1,2,Jan '16,Cergy,Robotics,http://cyborg-vegetal.fr,1-10,"",""
Myndata,https://angel.co/company/myndata,2,May '16,Milan,Data Mining,http://www.myndata.cloud,1-10,"",""
Second Stage,https://angel.co/company/second-stage,1,May '16,Munich,Sports,http://None,1-10,"",""
WallSensor Technologies,https://angel.co/company/wallsensor-technologies,1,Apr '16,Israel,Internet of Things,http://www.wallsensor.com,1-10,"",""
Name,Profile URL,Signal,Joined,Location,Market,Website,Employees,Stage,Total Raised
Gupy,https://angel.co/company/gupy,4,Dec '15,São Paulo,Social Media Platforms,http://www.gupy.com.br,1-10,"",""
Name,Profile URL,Signal,Joined,Location,Market,Website,Employees,Stage,Total Raised
Floored,https://angel.co/company/floored,5,Aug '12,New York City,Graphics,http://www.floored.com,11-50,Acquired,6300000
Placemeter,https://angel.co/company/placemeter,5,Jun '13,New York City,Real Time,http://www.placemeter.com,11-50,Acquired,7843000
The Eye Tribe,https://angel.co/company/the-eye-tribe,5,Aug '12,Palo Alto,Computer Vision,http://theeyetribe.com,11-50,Acquired,4100000
Gazemetrix,https://angel.co/company/gazemetrix,5,Jan '12,Mountain View,Brand Marketing,https://www.gazeMetrix.com,1-10,Acquired,140000
ClipMine,https://angel.co/company/clipmine,5,Mar '14,Palo Alto,Video,http://clipmineinc.com,1-10,Acquired,1500000
3Gear Systems,https://angel.co/company/3gear-systems,5,May '13,San Francisco,Consumer Electronics,http://www.threegear.com,1-10,Acquired,2250000
Dil Mil,https://angel.co/company/gravitygroup,5,May '14,San Francisco,Online Dating,http://dilmil.co,1-10,Acquired,4000000
Baarzo,https://angel.co/company/baarzo-2,5,Dec '13,Palo Alto,Video,http://www.baarzo.com,11-50,Acquired,""
Lumific,https://angel.co/company/lumific,5,Nov '13,Sydney,Photo Sharing,https://www.lumific.com,1-10,Acquired,250000
Name,Profile URL,Signal,Joined,Location,Market,Website,Employees,Stage,Total Raised
Vidado,https://angel.co/company/vidado,5,Feb '11,Oakland,Artificial Intelligence,http://vidado.ai,11-50,Series C,47400000
Knightscope,https://angel.co/company/knightscope,5,Jun '13,Mountain View,Robotics,http://www.knightscope.com,11-50,"",40704580
Name,Profile URL,Signal,Joined,Location,Market,Website,Employees,Stage,Total Raised
TripleLift,https://angel.co/company/triplelift,5,Apr '12,London,Native Advertising,http://triplelift.com,51-200,Series B,16625000
Name,Profile URL,Signal,Joined,Location,Market,Website,Employees,Stage,Total Raised
Mavrx,https://angel.co/company/mavrx,5,Dec '12,San Francisco,Agriculture,http://www.mavrx.co,11-50,Series A,22420000
Samba TV,https://angel.co/company/samba-tv,5,Dec '10,San Francisco,Big Data,http://www.samba.tv,201-500,Series A,8000000
Visibly,https://angel.co/company/opternative,5,Aug '13,Chicago,Eyewear,https://www.govisibly.com/,11-50,Series A,9100000
Faception,https://angel.co/company/faception,5,Mar '16,San Francisco,Computer Vision,http://www.faception.com,11-50,"",125000
WIREWAX,https://angel.co/company/wirewax,5,Sep '13,London,Computer Vision,http://www.wirewax.com,11-50,Series A,""
Clear Guide Medical,https://angel.co/company/clear-guide-medical,4,Aug '12,Baltimore,Medical Devices,http://www.clearguidemedical.com,1-10,Series A,1500000
uSens,https://angel.co/company/usens,4,Jan '15,San Jose,Digital Signage,http://www.usens.com,11-50,Series A,26700000
Name,Profile URL,Signal,Joined,Location,Market,Website,Employees,Stage,Total Raised
Placenote,https://angel.co/company/verticalai,5,Aug '14,Kitchener,Robotics,http://placenote.com,1-10,Seed,1500000
Keepy,https://angel.co/company/keepy,5,Feb '13,San Francisco,Families,http://www.keepy.me,1-10,Seed,1100000
BitGym,https://angel.co/company/bitgym,5,Aug '12,San Francisco Bay Area,Fitness,http://www.bitgym.com,1-10,Seed,""
Sphere,https://angel.co/company/sphere-1,5,Jul '13,San Francisco,Social Media Platforms,http://www.thesphere.com,1-10,Seed,2250000
RADAR,https://angel.co/company/radar,5,Sep '13,San Diego,Retail Technology,https://goradar.com/,11-50,Seed,21830000
DroneSeed,https://angel.co/company/droneseed,5,Jan '16,Seattle,Industrial Automation,http://www.droneseed.co,11-50,"",4820000
Paracosm,https://angel.co/company/paracosm,5,Jul '15,Gainesville,Construction,http://paracosm.io,11-50,"",3300000
angelcam,https://angel.co/company/angelcam,5,May '12,Las Vegas,Internet of Things,http://www.angelcam.com,11-50,"",144600
Fit3D,https://angel.co/company/fit3d,5,Feb '13,San Mateo,Fitness,http://www.fit3d.com,11-50,Seed,5390000
Smartsy,https://angel.co/company/smartsy,5,Aug '12,San Francisco,Mobile Commerce,http://smartsy.co,1-10,Seed,400000
VerifyBTC,https://angel.co/company/verifybtc,5,Aug '13,San Francisco,Identity Management,https://verifybtc.com,1-10,Seed,87000
eyeQ,https://angel.co/company/eyeq,5,Aug '12,Austin,Retail Technology,http://www.eyeqinsights.com,1-10,Seed,1500000
Augary,https://angel.co/company/augary,5,Jan '14,New York City,Computer Vision,http://www.augary.com,1-10,Seed,""
LensBricks,https://angel.co/company/lensbricks,5,Nov '14,San Francisco,Small and Medium Businesses,http://www.vidalife.info,1-10,Seed,1000000
StylePuzzle,https://angel.co/company/stylepuzzle,4,Jul '14,San Francisco,Shared Services,http://www.stylepuzzle.com,1-10,Seed,1000000
Imagga,https://angel.co/company/imagga,4,Mar '12,Sofia,Visual Search,http://www.imagga.com,1-10,Seed,310000
Synupse,https://angel.co/company/synupse,4,May '13,Madrid,Consumer Electronics,http://www.synupse.com,1-10,Seed,""
Reveel Technologies,https://angel.co/company/reveel,4,Oct '13,San Francisco,Retail Technology,http://web.reveel.it,11-50,Seed,2220000
DotProduct,https://angel.co/company/dotproduct,4,Nov '12,Houston,Augmented Reality,http://www.DotProduct3D.com,1-10,Seed,""
Eigen Innovations,https://angel.co/company/eigen-innovations-inc,4,Dec '13,Fredericton,Industrial,http://www.eigeninnovations.com,11-50,Seed,2018000
pingwell,https://angel.co/company/pingwell,4,May '13,Palo Alto,Crowdsourcing,http://www.pingwell.com,1-10,Seed,175000
Fastree3D,https://angel.co/company/fastree3d,4,Nov '13,"",Robotics,http://www.fastree3d.com,1-10,Seed,400000
LAFORGE Optical,https://angel.co/company/laforge-optical,4,Jun '13,Los Angeles,Augmented Reality,http://www.laforgeoptical.com,1-10,Seed,2300000
SportXast,https://angel.co/company/sportxast,4,Nov '13,Los Alamos,Video,http://sportxast.com,1-10,"",630000
Vidigami Media,https://angel.co/company/vidigami,4,Apr '13,Vancouver,Families,http://about.vidigami.com,11-50,Seed,1250000
ZoomThru,https://angel.co/company/zoomthru,4,Mar '16,San Mateo,Internet of Things,http://zoomthru.co,1-10,Seed,50000
HoloBuilder,https://angel.co/company/holobuilder,4,Aug '14,San Francisco,Construction,https://www.HoloBuilder.com,11-50,Seed,600000
Mirsani,https://angel.co/company/mirsani,4,Nov '14,Atlanta,Crowdsourcing,http://mirsani.com,1-10,Seed,80000
DoubleMe,https://angel.co/company/doubleme,4,Feb '14,San Jose,Virtual Goods,http://www.doubleme.me,1-10,Seed,225000
Eyeware,https://angel.co/company/eyeware,4,Mar '16,Lisbon,Robotics,http://eyeware.tech,1-10,Seed,1900000
Tracegolf,https://angel.co/company/tracegolf,4,Feb '13,"",Entertainment Industry,http://tracegolf.com,11-50,Seed,500000
Horus Technology,https://angel.co/company/horus-technology,3,Sep '14,Milan,Computer Vision,http://horus.technology,1-10,Seed,900000
Incode Technologies,https://angel.co/company/incode-technologies,3,Jul '15,San Francisco,Photo Editing,http://www.incode.com,11-50,Seed,5000000
KinectHealth,https://angel.co/company/kinecthealth,3,Apr '13,Blacksburg,Fitness,http://fit.net,1-10,Seed,18500
Hexo+,https://angel.co/company/hexo-1,3,Mar '15,Grenoble,Drones,http://www.hexoplus.com,11-50,"",3000000
Spilly,https://angel.co/company/splashvr,3,Jun '15,Berlin,Augmented Reality,http://spil.ly,11-50,Seed,2700000
Telemetrio,https://angel.co/company/telemetrio,3,Apr '15,Michigan,Broadcasting,http://www.telemetrio.com,"",Seed,25000
Fashwell,https://angel.co/company/fashwell,3,Apr '15,Zurich,Visual Search,https://solutions.fashwell.com,11-50,Seed,1000000
ViSSee,https://angel.co/company/vissee,3,Aug '13,Zurich,3D,http://viss.ee,11-50,Seed,1100000
Synqera,https://angel.co/company/synqera,3,May '13,New York City,Retail Technology,http://www.synqera.com,11-50,Seed,4000000
360player.io,https://angel.co/company/360player,3,Jun '15,Paris,Computer Vision,https://360player.io,1-10,Seed,228000
Name,Profile URL,Signal,Joined,Location,Market,Website,Employees,Stage,Total Raised
MailTime,https://angel.co/company/mailtime,5,Oct '13,San Francisco,Messaging,http://mailtime.com,11-50,Seed,3050000
Triggerfox,https://angel.co/company/triggerfox,5,Dec '13,Toronto,Contact Management,http://www.influitive.com,11-50,Acquired,2600000
Notify.io,https://angel.co/company/notify-io,5,Jul '16,San Francisco,Messaging,http://www.notify.io,1-10,"",""
Zero  Email,https://angel.co/company/zero-app,5,Feb '15,Los Gatos,Legal Tech,http://zeroapp.ai,1-10,Seed,900000
ZoeMob,https://angel.co/company/zoemob,5,Apr '12,San Francisco,Location Based Services,https://www.zoemob.com,1-10,Seed,800000
Shine,https://angel.co/company/shine-text,4,Sep '15,New York City,Website,http://www.shinetext.com/,1-10,Seed,""
Whistler,https://angel.co/company/getwhistler,4,Jun '14,Boulder,Software Compliance,http://www.getwhistler.io,1-10,"",""
OMNI Retail Group,https://angel.co/company/omni-retail-group,4,Apr '14,Seattle,Semantic Search,http://www.omniretailgroup.com,1-10,Seed,1750000
Jobscan,https://angel.co/company/jobscan,4,Jan '14,Seattle,Consumer,http://www.jobscan.co,11-50,"",""
SAEX,https://angel.co/company/saex,4,Apr '12,Sunnyvale,Lead Generation,http://www.saex.co/,11-50,"",""
Scarlett Studio,https://angel.co/company/scarlett-2,4,Jul '15,Sunnyvale,Smart Tv,http://getscarlett.com,1-10,"",""
Deedabase,https://angel.co/company/deedabase,4,Jul '16,Austin,Oil and Gas,http://www.deedabase.com,1-10,"",""
Townista,https://angel.co/company/townista,4,Mar '15,Bengaluru,Online Reservations,http://townista.com,1-10,Seed,50000
Mixvisor,https://angel.co/company/mixvisor,4,Apr '15,Sydney,Content Discovery,http://mixvisor.com,1-10,Seed,50000
Altius,https://angel.co/company/altius-1,3,Apr '16,San Antonio,Fitness,http://www.altius.io,1-10,"",""
Otus Labs,https://angel.co/company/otus-labs,3,May '13,Sheffield,Personalization,http://www.OtusLabs.com,1-10,Seed,122000
Ludwig,https://angel.co/company/ludwig-1,3,Feb '15,Province of Catania,Language Learning,https://ludwig.guru,"",Seed,29000
Red Mind Solutions,https://angel.co/company/red-mind-solutions,3,Jul '15,Tampa,Data,http://www.redmindinc.com/,1-10,"",758000
Noviopus,https://angel.co/company/noviopus,3,Feb '16,Israel,Social Recruiting,http://www.noviopus.com,1-10,"",920000
Luxie,https://angel.co/company/vernax,3,Sep '15,Tokyo,Internet of Things,http://getaudrey.com,1-10,"",""
Contentop,https://angel.co/company/contentop,3,Jan '15,Nagercoil,Writing,http://contentop.com,1-10,"",""
Caesium,https://angel.co/company/caesium-1,3,Apr '16,Berlin,Productivity Software,http://www.getcaesium.com,1-10,"",""
Inbify,https://angel.co/company/inbify,3,Nov '14,Puerto Rico,Hospitality,http://inbify.com/,1-10,"",""
Lift,https://angel.co/company/lift-,3,Nov '15,Netherlands,Hr Tech,http://liftapp.com/,1-10,"",""
MDOps,https://angel.co/company/mdops-1,3,Feb '16,Melville,Artificial Intelligence,http://MDOps.com,1-10,Seed,620000
Global Innovation,https://angel.co/company/global-innovation,1,Jul '15,New York City,SaaS,http://globalinnovation.co,1-10,"",""
Name,Profile URL,Signal,Joined,Location,Market,Website,Employees,Stage,Total Raised
Brewbot,https://angel.co/company/brewbot,5,Nov '13,Belfast,Consumer Electronics,http://www.brewbot.io,11-50,"",1500000
Watchsend,https://angel.co/company/watchsend,5,Aug '13,Mountain View,User Testing,http://www.watchsend.com,1-10,Acquired,""
Crowdbooster,https://angel.co/company/crowdbooster,5,Nov '10,San Francisco,Public Relations,http://www.crowdbooster.com/,1-10,Seed,""
IonPath,https://angel.co/company/ionpath,5,Sep '15,Stanford,Diagnostics,http://web.stanford.edu/group/nolan/,"","",""
Tute Genomics,https://angel.co/company/tute-genomics,5,Mar '13,Provo,Startups,http://tutegenomics.com,11-50,"",7700000
Tailwind,https://angel.co/company/tailwind,5,May '12,Oklahoma City,Social Media Platforms,http://tailwindapp.com,11-50,Seed,1000000
Survmetrics,https://angel.co/company/survmetrics,5,Sep '13,Mountain View,Performance Marketing,http://www.survmetrics.com,1-10,Acquired,""
Kwelia,https://angel.co/company/kwelia,5,Dec '11,Austin,Optimization,http://www.kwelia.com,1-10,"",150000
FreeWire Technologies,https://angel.co/company/freewire,5,Jul '14,San Leandro,Electric Vehicles,http://www.freewiretech.com,11-50,Series A,16765000
Inovance,https://angel.co/company/inovance,5,Aug '13,New York City,Financial Technology,http://inovancetech.com,1-10,Seed,315000
Advsor ,https://angel.co/company/advsor,5,Jan '12,San Francisco,Business Services,http://www.advsor.com,1-10,"",""
Pryv,https://angel.co/company/pryv-1,5,May '13,Lausanne,Data Privacy,http://pryv.com,1-10,Seed,2385000
HDScores,https://angel.co/company/hdscores,4,Dec '12,Baltimore,B2B,http://HDScores.com,1-10,"",""
Whistler,https://angel.co/company/getwhistler,4,Jun '14,Boulder,Software Compliance,http://www.getwhistler.io,1-10,"",""
Editr,https://angel.co/company/tablo-inc,4,Jun '15,San Francisco,Ecommerce,http://editr.com,1-10,"",""
Slemma,https://angel.co/company/slemma,4,Dec '13,Los Angeles,Small and Medium Businesses,https://slemma.com,11-50,"",""
4PIA,https://angel.co/company/4pia,4,Apr '14,Menlo Park,Politics,http://www.4pia.com,1-10,"",""
Floragraph,https://angel.co/company/floragraph,4,Dec '15,Sunnyvale,Genetic Testing,http://www.Floragraph.me,1-10,"",""
The Social Coin,https://angel.co/company/the-social-coin-1,4,Nov '13,San Francisco,Corporate Wellness,http://www.thesocialcoin.com,11-50,Seed,150000
Preceptiv,https://angel.co/company/preceptiv,4,Feb '15,Toronto,Consumer Behavior,http://www.preceptiv.co,1-10,Seed,150000
QMENTA,https://angel.co/company/qmenta_inc,4,Jul '13,Boston,Neuroscience,http://www.qmenta.com,11-50,Seed,3000000
Finsophy PBC,https://angel.co/company/finsophy,4,Mar '16,Charlotte,Banking,http://www.finsophy.com,1-10,"",120000
Aureus Analytics,https://angel.co/company/aureus-analytics,4,Aug '13,Singapore,Banking,http://www.aureusanalytics.com,11-50,"",""
Dotaprohub,https://angel.co/company/dotaprohub,4,Aug '14,Gurgaon,Statistic Analysis,http://dotaprohub.com,1-10,Acquired,115000
Upstream Analytics,https://angel.co/company/upstream-analytics-1,4,Oct '13,Washington DC,Crowdsourcing,http://upstream-analytics.com,1-10,"",""
Zana,https://angel.co/company/idoctor,4,Mar '14,Karlsruhe,Semantic Search,http://www.zana.com,1-10,"",""
Peptineo,https://angel.co/company/peptineo,4,Jul '13,Albuquerque,Nanotechnology,http://www.peptineo.com,11-50,"",""
Intralogue,https://angel.co/company/intralogue,4,Dec '15,Hong Kong,Digital Publishing,http://www.intralogue.com,1-10,Seed,250000
Graph Commons,https://angel.co/company/graph-commons,3,Apr '12,New York City,Data Visualization,https://graphcommons.com,1-10,"",""
Storyclash,https://angel.co/company/storyclash,3,Jan '15,Linz,Social Media Monitoring,http://www.storyclash.com/,11-50,"",""
Foxtrot Code,https://angel.co/company/foxtrotcode,3,Feb '16,Cincinnati,Algorithms,https://Foxtrotcode.com,1-10,"",1744200
MetaCell,https://angel.co/company/metacell,3,Apr '12,"",Bioinformatics,http://metacell.us,1-10,Seed,100000
nanopop,https://angel.co/company/nanopop,3,Jul '13,Rio de Janeiro,Market Research,http://www.nanopop.com.br,1-10,"",""
Neuron Gym,https://angel.co/company/neuron-gym-2,3,Feb '15,Gurgaon,Brain Health,http://www.neurongym.com,1-10,Seed,25000
visalyze,https://angel.co/company/visalyze,3,Jan '14,Innsbruck,Social Media Marketing,http://www.visalyze.com,11-50,"",1485000
MobiusBobs ,https://angel.co/company/mobiusbobs,3,Feb '14,Taipei,Crowdsourcing,http://www.mobiusbobs.com,1-10,"",100000
PingFlow,https://angel.co/company/pingflow,3,Dec '14,Lille,Supply Chain Management,http://www.pingflow.fr/en,11-50,"",""
Tag&See,https://angel.co/company/tag-see,3,Feb '12,Paris,Brand Marketing,https://tagandsee.com,1-10,Seed,200000
Kipsis,https://angel.co/company/kipsis,3,Dec '13,London,Social Media,http://www.kipsis.com,1-10,"",""
Goomoods,https://angel.co/company/goomoods,3,Aug '13,Reno,Mobile Games,http://www.goomoods.com,1-10,"",""
Fylet,https://angel.co/company/fylet,3,Jun '13,Ljubljana,"",http://fylet.com,1-10,Seed,41000
CanvasJS,https://angel.co/company/canvasjs,3,Mar '14,Bengaluru,Data Visualization,http://canvasjs.com/,1-10,"",""
Cobrainer,https://angel.co/company/cobrainer-gmbh,3,Mar '16,Munich,Big Data Analytics,http://www.cobrainer.com,11-50,"",""
The Cookie Dining,https://angel.co/company/the-cookie-dining,3,Jun '15,Vancouver,SaaS,http://thecookiedining.com,1-10,"",""
Name,Profile URL,Signal,Joined,Location,Market,Website,Employees,Stage,Total Raised
Pigeonly,https://angel.co/company/pigeonly,5,Dec '12,Las Vegas,Photo Sharing,http://pigeon.ly/,1-10,Seed,1000000
Stilt,https://angel.co/company/stilt,5,Aug '15,Remote,Consumer Lending,https://www.stilt.com,11-50,"",2920000
iPourIt,https://angel.co/company/ipourit,5,Feb '14,"",Loyalty Programs,http://www.ipouritinc.com,1-10,Seed,800000
Quanergy Systems,https://angel.co/company/quanergy-systems,5,Jun '13,Silicon Valley,Location Based Services,http://www.quanergy.com,11-50,Seed,4600000
Deeplink,https://angel.co/company/deeplink,5,Jul '12,New York City,Web Tools,http://www.deeplink.me,1-10,Seed,1350000
WeDidIt ,https://angel.co/company/wedidit,5,Jul '12,New York City,Nonprofits,http://wedid.it,11-50,Seed,1600000
StyleSage,https://angel.co/company/stylesage-a-techstars-company,5,Apr '13,Madrid,SaaS,http://www.StyleSage.co,11-50,Seed,2733000
RetentionGrid,https://angel.co/company/retentiongrid,5,Aug '13,Berlin,Loyalty Programs,http://retentiongrid.com,1-10,Seed,1867874
Inovance,https://angel.co/company/inovance,5,Aug '13,New York City,Financial Technology,http://inovancetech.com,1-10,Seed,315000
TopLog,https://angel.co/company/toplog,5,May '13,Halifax,Enterprise Security,http://toplog.ca,1-10,Seed,400000
Transmetrics,https://angel.co/company/transmetrics,5,May '13,Bulgaria,Predictive Analytics,http://transmetrics.eu,11-50,"",1865000
Tipsi,https://angel.co/company/tipsi,5,Nov '12,New York City,Location Based Services,http://www.gettipsi.com,1-10,Seed,250000
YOOSE,https://angel.co/company/yoose,5,Oct '11,Singapore,Location Based Services,http://yoose.com,11-50,Seed,610000
StylePuzzle,https://angel.co/company/stylepuzzle,4,Jul '14,San Francisco,Shared Services,http://www.stylepuzzle.com,1-10,Seed,1000000
Utrip,https://angel.co/company/utrip,4,Dec '11,Seattle,Optimization,http://utrip.com,11-50,Seed,2000000
HireTeamMate,https://angel.co/company/hireteammate,4,Jun '15,San Jose,Human Resource Automation,https://hireteammate.com,1-10,Seed,""
JetMe,https://angel.co/company/jetme,4,Aug '14,San Francisco,Mobile Commerce,http://www.JETME.aero,11-50,Seed,400000
ROSTR,https://angel.co/company/rostr-2,4,Dec '12,Jacksonville,Technology,http://www.rostr.co,1-10,Seed,50000
Compare and Share,https://angel.co/company/compare-and-share,4,Jul '13,Brighton,Sharing Economy,http://www.compareandshare.com/,11-50,Seed,410075
Groopify,https://angel.co/company/groopify,4,May '14,Madrid,Online Dating,http://www.groopify.me/,11-50,Seed,1465000
Sentic Technologies,https://angel.co/company/sentic-technologies,4,Nov '13,Chicago,SaaS,http://www.sentictechnologies.com/,11-50,Seed,1785000
Vidigami Media,https://angel.co/company/vidigami,4,Apr '13,Vancouver,Families,http://about.vidigami.com,11-50,Seed,1250000
Preceptiv,https://angel.co/company/preceptiv,4,Feb '15,Toronto,Consumer Behavior,http://www.preceptiv.co,1-10,Seed,150000
Zodiac,https://angel.co/company/zodiacmetrics,4,Oct '15,Philadelphia,Mobile Games,http://www.zodiacmetrics.com,"",Seed,3000000
PricePanorama,https://angel.co/company/pricepanorama,4,Jul '13,Warsaw,Price Comparison,http://pricepanorama.com/,1-10,Seed,100000
Prisync,https://angel.co/company/prisync,4,Jun '13,"",SaaS,http://www.prisync.com,1-10,Seed,180000
Fano Labs,https://angel.co/company/fano-labs,4,Dec '15,Hong Kong,B2B,http://fano.ai,11-50,Seed,600000
Hashtrack,https://angel.co/company/hashtrack,4,Nov '13,Sheffield,Social Media Platforms,http://hashtrack.co,1-10,Seed,38000
Intralogue,https://angel.co/company/intralogue,4,Dec '15,Hong Kong,Digital Publishing,http://www.intralogue.com,1-10,Seed,250000
Ingen.io,https://angel.co/company/ingen-io-1,4,Feb '14,Prague,Big Data,http://ingen.io,1-10,Seed,306974
Wizdee,https://angel.co/company/wizdee,3,Sep '13,Coimbra,Text Analytics,http://www.wizdee.com,11-50,Seed,1000000
Gozaik ,https://angel.co/company/gozaik,3,Apr '13,Boston,Social Recruiting,http://WWW.GOZAIK.COM,1-10,Seed,""
BDEX,https://angel.co/company/big-data-exchange,3,Sep '13,Seattle,Identity Management,http://www.bdex.com/,11-50,"",1500000
Shortcut,https://angel.co/company/shortcut-media,3,Apr '16,Zurich,Mobile Advertising,https://shortcut.sc,1-10,"",600000
Offerial,https://angel.co/company/offerial,3,Oct '12,Greece,Hospitality,http://offerial.com,1-10,Seed,480000
Tracktics,https://angel.co/company/tracktics,3,Oct '14,"",Tracking,http://www.tracktics.com,1-10,Seed,""
Otus Labs,https://angel.co/company/otus-labs,3,May '13,Sheffield,Personalization,http://www.OtusLabs.com,1-10,Seed,122000
www.girik.in,https://angel.co/company/www-girik-in,3,Apr '13,Hyderabad,Mobile Commerce,http://www.girik.in,11-50,Seed,30000
Tag&See,https://angel.co/company/tag-see,3,Feb '12,Paris,Brand Marketing,https://tagandsee.com,1-10,Seed,200000
WeBRAND,https://angel.co/company/webrand,3,Jun '13,Los Angeles,Crowdsourcing,http://webrand.com,1-10,Seed,450000
Synqera,https://angel.co/company/synqera,3,May '13,New York City,Retail Technology,http://www.synqera.com,11-50,Seed,4000000
Brisk,https://angel.co/company/brisk,3,Jun '13,London,Location Based Services,http://briskapp.co.uk,1-10,Seed,65000
TaDuler,https://angel.co/company/taduler,3,Sep '14,Calgary,Local Services,http://www.taduler.com,1-10,Seed,221000
CO Analytics,https://angel.co/company/co-analytics,3,Feb '15,Israel,Digital Media,http://www.co-analytics.com,1-10,Seed,50000
Soundytics,https://angel.co/company/soundytics,3,Nov '14,Luxembourg,Retail Technology,http://soundytics.com,"",Seed,150000
Dsmart Industries,https://angel.co/company/dsmart-industries,3,Apr '12,Memphis,Retail Technology,http://www.dsmartinc.com,11-50,"",4000000
Flykt,https://angel.co/company/flykt,2,Jul '15,"",Travel & Tourism,https://www.flykt.com,11-50,Seed,323000
Name,Profile URL,Signal,Joined,Location,Market,Website,Employees,Stage,Total Raised
Homejoy,https://angel.co/company/homejoy,5,Jan '12,San Francisco,Hospitality,http://www.homejoy.com,51-200,Series A,39700000
Rifiniti,https://angel.co/company/rifiniti,5,Mar '13,Sofia,SaaS,http://www.rifiniti.com,11-50,Series A,3080000
D square,https://angel.co/company/d-square,3,May '13,Hasselt,Manufacturing,http://www.dsquare.be,11-50,Series A,3900000
LinQMart,https://angel.co/company/linqmart-1,1,Sep '14,Bengaluru,Advertising Platforms,http://www.linqmart.com,1-10,Series A,20000
Name,Profile URL,Signal,Joined,Location,Market,Website,Employees,Stage,Total Raised
FLYR,https://angel.co/company/flyr,5,Jan '13,San Francisco,Finance Technology,http://flyrlabs.com/,51-200,Series B,13800000
Name,Profile URL,Signal,Joined,Location,Market,Website,Employees,Stage,Total Raised
Knightscope,https://angel.co/company/knightscope,5,Jun '13,Mountain View,Robotics,http://www.knightscope.com,11-50,"",40704580
Name,Profile URL,Signal,Joined,Location,Market,Website,Employees,Stage,Total Raised
TargetingMantra,https://angel.co/company/targetingmantra,5,Aug '13,San Francisco,Personalization,http://www.targetingmantra.com,11-50,Acquired,1100000
Etch,https://angel.co/company/etch-4,4,Sep '14,Berkeley,Contact Management,http://etch.ai,1-10,Acquired,""
Jobspotting,https://angel.co/company/jobspotting,4,Nov '13,Berlin,Human Resources,https://jobspotting.com,11-50,Acquired,""
TopHotel.deals,https://angel.co/company/htldeals,4,May '15,Los Angeles,Predictive Analytics,http://tophotel.deals,1-10,Acquired,2250000
Macromeasures,https://angel.co/company/macromeasures,3,May '14,New York City,Data Mining,http://macromeasures.com,1-10,Acquired,""
Name,Profile URL,Signal,Joined,Location,Market,Website,Employees,Stage,Total Raised
MixRank,https://angel.co/company/mixrank,5,Oct '11,San Francisco,Sales Automation,http://mixrank.com,1-10,Seed,1500000
Precog,https://angel.co/company/precog,5,Mar '12,Boulder,Developer APIs,http://precog.com,1-10,Acquired,2818000
LaunchTrack,https://angel.co/company/launchtrack,5,Apr '12,Mountain View,E-Commerce Platforms,http://www.LaunchTrack.com,1-10,Acquired,142500
Homejoy,https://angel.co/company/homejoy,5,Jan '12,San Francisco,Hospitality,http://www.homejoy.com,51-200,Series A,39700000
KINETIC,https://angel.co/company/kinetic,5,Feb '15,New York City,B2B,http://www.wearkinetic.com,11-50,"",""
Sliced Investing,https://angel.co/company/sliced-investing,5,Jul '14,San Francisco,Investment Management,https://www.slicedinvesting.com/?ref=al,1-10,Seed,2000000
Hakka Labs,https://angel.co/company/hakka-labs,5,May '13,San Francisco,Social Media Platforms,http://hakkalabs.co/,1-10,"",""
LeadIQ,https://angel.co/company/leadiq,5,Mar '15,Singapore,Sales Automation,https://leadiq.com,11-50,Seed,""
zeotap,https://angel.co/company/zeotap,5,Apr '15,Milan,Mobile Advertising,http://www.zeotap.com,51-200,Series B,20700000
Zoomer,https://angel.co/company/zoomer,5,Oct '14,San Francisco,Logistics,http://zoomerdelivery.com,201-500,Acquired,""
AppZen,https://angel.co/company/appzen,5,Apr '14,San Jose,Finance Technology,http://www.appzen.com,51-200,Series C,102500000
Smarking,https://angel.co/company/smarking,5,Dec '14,San Francisco,Predictive Analytics,http://www.smarking.com,11-50,Seed,3000000
Atlas Wearables,https://angel.co/company/atlas-wearables,5,May '13,Austin,Fitness,http://www.atlaswearables.com,1-10,"",""
Sutro,https://angel.co/company/sutro,5,Aug '14,San Francisco,Mobile Commerce,https://mysutro.com,1-10,"",""
Troo.ly,https://angel.co/company/troo-ly,5,Jan '14,Silicon Valley,Peer-to-Peer,http://troo.ly,1-10,"",""
Earplay,https://angel.co/company/earplay,5,Oct '13,Boston,Internet of Things,https://www.earplay.com,1-10,"",""
VisiTrend,https://angel.co/company/visitrend,5,Jun '14,Cambridge,Visualization,http://visitrend.tumblr.com/,1-10,Seed,1250000
BridgeU,https://angel.co/company/bridgeu,5,Mar '14,London,University Students,http://www.bridge-u.com,51-200,Series A,7800000
Recursion,https://angel.co/company/recursion-pharma,5,Jan '15,Salt Lake City,Artificial Intelligence / Machine Learning,http://www.recursionpharma.com,51-200,Series C,200680000
Glint,https://angel.co/company/glint,5,Mar '17,Redwood City,Human Resources,http://www.glintinc.com,51-200,Acquired,50700000
Klarismo,https://angel.co/company/klarismo,5,Jan '15,London,Personal Health,http://www.klarismo.com,1-10,Seed,2100000
Tarefa,https://angel.co/company/tarefa-1,5,Aug '14,Brazii,K-12 Education,http://www.tarefa.co/,1-10,"",""
Get@ | GetAt,https://angel.co/company/getat,5,Dec '12,Silicon Valley,Augmented Reality,http://getatapp.com,1-10,"",396000
Codec,https://angel.co/company/codec,5,Oct '15,London,Big Data Analytics,http://www.codeclondon.com,"",Seed,6400000
CrowdChat,https://angel.co/company/crowdchat,5,Feb '12,Palo Alto,Big Data,http://www.CrowdChat.net,1-10,"",""
Sparkjoy,https://angel.co/company/sparkjoy,5,Mar '14,Mexico City,Mobile Advertising,http://www.getsparkjoy.com,1-10,"",""
Numina,https://angel.co/company/numina,5,May '14,Brooklyn,Sensors,http://numina.co,11-50,"",""
FightCamp (formerly Hykso),https://angel.co/company/hykso,5,May '15,Los Angeles,Fitness,https://www.joinfightcamp.com,11-50,"",1700000
Ultra Capital,https://angel.co/company/ultracapital,5,Dec '13,San Francisco,Fin Tech,http://ultracapital.com,11-50,"",""
Tripoto,https://angel.co/company/tripoto-1,5,May '14,Delhi,Advertising Platforms,http://www.tripoto.com,51-200,"",""
Kono.ai,https://angel.co/company/kono,5,Nov '14,San Francisco,SaaS,https://kono.ai,11-50,Seed,980000
Tuva,https://angel.co/company/tuva-labs,5,Mar '15,Philadelphia,K-12 Education,http://www.tuvalabs.com,1-10,Seed,430000
Charity Engine,https://angel.co/company/charity-engine,5,Oct '10,Boston,Big Data Analytics,http://www.charityengine.com,1-10,"",312000
Moju Labs,https://angel.co/company/moju-labs,5,Jun '13,Palo Alto,Big Data,http://mojulabs.com,1-10,"",""
Continuum Analytics,https://angel.co/company/continuum-analytics,5,Feb '14,Austin,Open Source,http://www.continuum.io,51-200,"",34000000
Truce,https://angel.co/company/truce-1,5,Jul '15,Mumbai,Marketplaces,https://www.truce.in,11-50,"",""
NS8,https://angel.co/company/ns8,5,Feb '16,Las Vegas,Fraud Detection,https://www.ns8.com,51-200,Seed,8625000
Bloomlife,https://angel.co/company/bloom-technologies,5,Aug '14,San Francisco,Women-Focused,http://www.bloomlife.com,11-50,Seed,6000000
LeadCandy,https://angel.co/company/leadcandy,5,Jul '12,Mountain View,Lead Generation,https://www.leadcandy.io/,1-10,"",""
Cloth,https://angel.co/company/cloth,4,Nov '13,New York City,Big Data,http://www.clothapp.com,1-10,"",""
Lingonautics,https://angel.co/company/lingonautics,4,Dec '14,San Francisco,Social Media Platforms,http://www.lingonautics.com,"","",""
Booly,https://angel.co/company/booly,4,May '11,United Kingdom,Retail Technology,http://boo.ly,"","",""
HDScores,https://angel.co/company/hdscores,4,Dec '12,Baltimore,B2B,http://HDScores.com,1-10,"",""
CityBldr,https://angel.co/company/citybldr,4,Jul '14,Seattle,Commercial Real Estate,http://citybldr.com,11-50,"",""
DataScience.com,https://angel.co/company/datascience-1,4,May '15,Culver City,Big Data Analytics,http://datascience.com,51-200,Series A,28000000
MinHash,https://angel.co/company/minhash,4,Jul '15,Palo Alto,Marketing Automation,http://www.minhash.com,1-10,Acquired,""
Bolo Software,https://angel.co/company/bolo-software,4,Sep '14,San Francisco,Public Relations,http://www.BoloHQ.com,1-10,"",""
Collective[i],https://angel.co/company/collective-i-1,4,Oct '14,New York City,"",http://www.collectivei.com,11-50,"",""
ZetData,https://angel.co/company/zetdata,4,Jun '14,San Jose,Cloud Computing,http://www.datacanvas.io,1-10,"",""
Search Party,https://angel.co/company/the-search-party,4,Nov '13,Sydney,Employment,http://searchparty.com,11-50,Series D,12648094
Datasnap.io,https://angel.co/company/datasnap-io,4,Aug '17,San Francisco,Retail Technology,http://www.datasnap.io,"",Seed,1300000
Suggestic,https://angel.co/company/suggestic,4,Sep '14,San Francisco,Augmented Reality,http://www.suggestic.com,11-50,"",""
Omny IQ,https://angel.co/company/omnyiq,4,Jul '15,Silicon Valley,Predictive Analytics,http://www.OmnyIQ.com,1-10,"",""
LotaData,https://angel.co/company/lotadata,4,Jun '16,San Francisco,Geospatial,http://lotadata.com,1-10,"",""
Onramp BioInformatics,https://angel.co/company/onramp-bioinformatics,4,Aug '15,San Diego,Bioinformatics,http://www.onrampbioinformatics.com,11-50,Seed,""
ReoLab,https://angel.co/company/reolab,4,Feb '16,San Francisco,Diagnostics,https://www.reolab.io,1-10,"",""
AdMass,https://angel.co/company/admass,4,Aug '15,New York City,Advertising Platforms,http://admassinc.com/,1-10,Seed,775000
MOTI,https://angel.co/company/habitmoti,4,Oct '14,San Francisco,Behavioural Science,http://www.moti.io,1-10,"",""
Leverage Edu,https://angel.co/company/leverage-3,4,May '15,Delhi,Career Management,https://leverageedu.com/,51-200,"",""
Bellhop,https://angel.co/company/bellhop,4,May '14,Chicago,Location Based Services,http://iChauncey.com,1-10,"",10000
projectSHERPA,https://angel.co/company/projectsherpa,4,Jul '12,New York City,Big Data Analytics,http://beta.projectsherpa.com/portal/,1-10,"",""
Moneyworks,https://angel.co/company/moneyworks-1,4,Jan '15,Menlo Park,Location Based Services,http://www.getmoneyworks.com,1-10,"",""
Data4America.org,https://angel.co/company/data4america-org-1,4,Oct '15,San Francisco,Politics,http://data4america.org,"","",""
Flock Ltd. ,https://angel.co/company/flockcover,4,Feb '16,London,Drones,http://flockcover.com,11-50,Seed,3507670
Metis ,https://angel.co/company/metis,4,Apr '15,Singapore,Data Visualization,http://www.thisismetis.com,11-50,"",""
Litem Analytics,https://angel.co/company/litemanalytics,4,Oct '15,Provo,Legal,"","","",""
Edgeflip,https://angel.co/company/edgeflip,4,Mar '13,Chicago,Nonprofits,http://www.edgeflip.com,1-10,Seed,1800000
Studitemps,https://angel.co/company/studitemps,4,Jul '15,Berlin,Temporary Staffing,http://www.studitemps.de,201-500,Series C,12400000
WeTheProtesters,https://angel.co/company/wetheprotesters,4,Apr '16,St. Louis,Politics,http://WeTheProtesters.org,1-10,"",""
Operating Analytics,https://angel.co/company/operating-analytics,4,Mar '13,Cambridge,Hospitals,http://operatinganalytics.com,1-10,"",50000
Spiff,https://angel.co/company/getspiff,4,Mar '15,Oslo,Women-Focused,http://www.getspiff.no,1-10,Seed,665000
nFlate,https://angel.co/company/nflate,4,Jun '14,Pleasanton,Deep Learning,http://seeitbuy.it,1-10,"",""
Square Metrics ,https://angel.co/company/beaconinside,4,Dec '14,Berlin,Location Based Services,https://www.squaremetrics.com,11-50,"",""
Ignidata,https://angel.co/company/ignidata,4,Nov '13,Lisbon,Advertising Platforms,http://www.ignidata.com,1-10,"",""
Resumazing,https://angel.co/company/resumazing,4,Nov '14,Troy,Big Data,http://www.resumazing.net,1-10,"",""
Scooterson,https://angel.co/company/scooterson,4,Sep '15,Singapore,Urban Mobility,http://scooterson.com,11-50,"",2750000
Scoutible,https://angel.co/company/scoutible,4,Jul '15,San Francisco,Neuroscience,http://scoutible.com,1-10,Seed,5000000
Re-Compose,https://angel.co/company/re-compose,4,Jan '12,San Francisco,Neuroscience,http://www.re-compose.com,1-10,"",1500000
progressa,https://angel.co/company/progressa,4,Aug '15,Vancouver,Finance Technology,http://www.progressa.com,51-200,Series A,11400000
Engineroom360,https://angel.co/company/engineroom360,4,Aug '13,Stockholm,Small and Medium Businesses,http://www.engineroom360.com,1-10,"",35000
Responsive.AI,https://angel.co/company/responsivewealth,4,Mar '15,Vancouver,Investment Management,http://www.responsive.ai,1-10,"",""
Oystir,https://angel.co/company/oystir,4,Nov '14,New York City,Skill Assessment,http://www.oystir.com,1-10,"",""
TeamScience,https://angel.co/company/crewspark,4,May '18,New York City,Predictive Analytics,https://www.teamscience.com,1-10,"",""
Clear,https://angel.co/company/clear-3,4,Feb '16,San Francisco,Mobile Commerce,http://clear.sx,11-50,"",""
Wonderflow,https://angel.co/company/wonderflow,4,Jun '14,Trento,Data Mining,http://wonderflow.co,11-50,Seed,515000
Nightly,https://angel.co/company/nightly-5,4,Mar '16,Santa Monica,K-12 Education,https://www.nightlyhomework.com,1-10,"",""
k. young consulting,https://angel.co/company/k-young-consulting,4,Apr '15,Washington DC,Consulting,http://www.kyoungconsulting.com,"","",""
Sense Ai,https://angel.co/company/sense-ai,4,Jan '16,Saint Paul,Sensors,https://senseai.io/home,1-10,Seed,920000
SmileyGo,https://angel.co/company/smileygo,4,Sep '14,San Francisco,SaaS,https://www.smileygo.net,1-10,"",""
chuus,https://angel.co/company/chuus,4,Aug '15,Los Angeles,Online Dating,http://chuus.me,1-10,"",""
MDScores,https://angel.co/company/mdscores,4,Mar '15,Baltimore,Mobile Health,http://mdscores.com,"","",""
Einsite,https://angel.co/company/einsite,4,May '16,San Francisco,Construction,http://www.einsite.com,11-50,"",""
Amida Technology Solutions,https://angel.co/company/amida,4,Mar '14,Washington DC,Open Source,https://www.amida.com,11-50,"",""
Guaana,https://angel.co/company/guaana,4,Feb '15,Europe,Open Source,http://www.guaana.com,1-10,"",700000
Transform,https://angel.co/company/transform-4,4,Mar '16,Seattle,Predictive Analytics,http://transform.co,11-50,"",""
COGNITUUM,https://angel.co/company/cognituum,4,Dec '13,New York City,Predictive Analytics,https://www.cognituum.com,1-10,"",""
Dazzmobile,https://angel.co/company/dazzmobile,4,Dec '14,Boston,Corporate Training,http://www.dazzmobile.com,1-10,"",""
DataProphet,https://angel.co/company/dataprophet,4,May '15,Detroit,Manufacturing,http://dataprophet.com,11-50,"",""
eCommerce,https://angel.co/company/ecommerce-6,4,Jun '14,Bengaluru,E-Commerce,http://worksource.wordpress.com,51-200,"",""
simMachines,https://angel.co/company/simmachines-1,4,May '14,Chicago,Bioinformatics,http://simmachines.com,1-10,"",""
